method,group,runs,faulty_runs,benign_runs,detected,coverage,macro_coverage,silent_plant,benign_false_alarms,benign_false_alarm_rate,precision,recall,latency_median_ms,latency_p95_ms,localized,localization_coverage,correct_localizations,wrong_localizations,localization_accuracy,macro_localization_accuracy,accuracy_when_localized,wrong_localization_rate,unknown,unknown_rate,localized_before_plant,preinjection_alarm_runs,propagation_supported_runs,control_effect_runs,coverage_given_control_effect,actuator_effect_runs,coverage_given_actuator_effect,plant_manifestation_runs,coverage_given_plant_manifestation,pre_plant_alarms,same_plant_alarms,post_plant_alarms,mean_anomaly_ignorance,mean_origin_ignorance,mean_detection_conflict,mean_localization_conflict,high_detection_conflict_runs,high_localization_conflict_runs
Revised CLO-DSF,primary/ALL,100,100,0,70,0.7,0.7,11,0,,1.0,0.7,100.0,44855.0,70,1.0,70,0,1.0,1.0,1.0,0.0,0,0.0,9,0,0,94,0.7127659574468085,94,0.7127659574468085,76,0.8552631578947368,9,30,26,0.81737346868632,0.81737346868632,0.0,0.0,0,0
Revised CLO-DSF,primary/sensor_bias_ramp,30,30,0,20,0.6666666666666666,0.6666666666666666,10,0,,1.0,0.6666666666666666,41850.0,44900.0,20,1.0,20,0,1.0,1.0,1.0,0.0,0,0.0,1,0,0,30,0.6666666666666666,30,0.6666666666666666,30,0.6666666666666666,1,0,19,0.7501715186301666,0.7501715186301666,0.0,0.0,0,0
Revised CLO-DSF,primary/sensor_bias,40,40,0,30,0.75,0.75,0,0,,1.0,0.75,100.0,300.0,30,1.0,30,0,1.0,1.0,1.0,0.0,0,0.0,2,0,0,36,0.7777777777777778,36,0.7777777777777778,27,1.0,2,22,3,0.938447632912475,0.938447632912475,0.0,0.0,0,0
Revised CLO-DSF,primary/sensor_interface_intermittent,30,30,0,20,0.6666666666666666,0.6666666666666666,1,0,,1.0,0.6666666666666666,200.0,300.0,20,1.0,20,0,1.0,1.0,1.0,0.0,0,0.0,6,0,0,28,0.6785714285714286,28,0.6785714285714286,19,0.9473684210526315,6,8,4,0.7231431997742667,0.7231431997742667,0.0,0.0,0,0
Revised CLO-DSF,reference/ALL,100,100,0,68,0.68,0.68,0,0,,1.0,0.68,250.0,43700.0,68,1.0,68,0,1.0,1.0,1.0,0.0,0,0.0,0,0,0,0,,0,,0,,0,0,0,0.81803552512885,0.81803552512885,0.0,0.0,0,0
Revised CLO-DSF,reference/sensor_bias_ramp,30,30,0,20,0.6666666666666666,0.6666666666666666,0,0,,1.0,0.6666666666666666,42450.0,43705.0,20,1.0,20,0,1.0,1.0,1.0,0.0,0,0.0,0,0,0,0,,0,,0,,0,0,0,0.7507809502321,0.7507809502321,0.0,0.0,0,0
Revised CLO-DSF,reference/sensor_bias,40,40,0,28,0.7,0.7,0,0,,1.0,0.7,100.0,100.0,28,1.0,28,0,1.0,1.0,1.0,0.0,0,0.0,0,0,0,0,,0,,0,,0,0,0,0.94295934026525,0.94295934026525,0.0,0.0,0,0
Revised CLO-DSF,reference/sensor_interface_intermittent,30,30,0,20,0.6666666666666666,0.6666666666666666,0,0,,1.0,0.6666666666666666,300.0,505.00000000000006,20,1.0,20,0,1.0,1.0,1.0,0.0,0,0.0,0,0,0,0,,0,,0,,0,0,0,0.7187250131770667,0.7187250131770667,0.0,0.0,0,0
Revised CLO-DSF,common_mode/ALL,40,40,0,0,0.0,0.0,40,0,,,0.0,,,0,,0,0,,,,,0,,0,0,0,40,0.0,40,0.0,40,0.0,0,0,0,0.999090765062575,0.999090765062575,0.0,0.0,0,0
Revised CLO-DSF,common_mode/sensor_bias_ramp,40,40,0,0,0.0,0.0,40,0,,,0.0,,,0,,0,0,,,,,0,,0,0,0,40,0.0,40,0.0,40,0.0,0,0,0,0.999090765062575,0.999090765062575,0.0,0.0,0,0
Revised CLO-DSF,legal_update_benign,150,0,150,0,,,0,0,0.0,,,,,0,,0,0,,,,,0,,0,0,0,0,,0,,0,,0,0,0,0.9961004499950267,0.9961004499950267,0.0,0.0,0,0
Pre-change CLO-DSF,primary/ALL,100,100,0,35,0.35,0.35,43,0,,1.0,0.35,100.0,800.0,35,1.0,35,0,1.0,1.0,1.0,0.0,0,0.0,8,0,0,94,0.3617021276595745,94,0.3617021276595745,76,0.4342105263157895,8,16,9,0.91784185577779,0.91784185577779,0.0,0.0,0,0
Pre-change CLO-DSF,primary/sensor_bias_ramp,30,30,0,0,0.0,0.0,30,0,,,0.0,,,0,,0,0,,,,,0,,0,0,0,30,0.0,30,0.0,30,0.0,0,0,0,0.9991294790780333,0.9991294790780333,0.0,0.0,0,0
Pre-change CLO-DSF,primary/sensor_bias,40,40,0,15,0.375,0.375,12,0,,1.0,0.375,100.0,800.0,15,1.0,15,0,1.0,1.0,1.0,0.0,0,0.0,2,0,0,36,0.4166666666666667,36,0.4166666666666667,27,0.5555555555555556,2,8,5,0.995827737154925,0.995827737154925,0.0,0.0,0,0
Pre-change CLO-DSF,primary/sensor_interface_intermittent,30,30,0,20,0.6666666666666666,0.6666666666666666,1,0,,1.0,0.6666666666666666,200.0,300.0,20,1.0,20,0,1.0,1.0,1.0,0.0,0,0.0,6,0,0,28,0.6785714285714286,28,0.6785714285714286,19,0.9473684210526315,6,8,4,0.7325730573080333,0.7325730573080333,0.0,0.0,0,0
Pre-change CLO-DSF,reference/ALL,100,100,0,0,0.0,0.0,0,0,,,0.0,,,0,,0,0,,,,,0,,0,0,0,0,,0,,0,,0,0,0,0.99910179112504,0.99910179112504,0.0,0.0,0,0
Pre-change CLO-DSF,reference/sensor_bias_ramp,30,30,0,0,0.0,0.0,0,0,,,0.0,,,0,,0,0,,,,,0,,0,0,0,0,,0,,0,,0,0,0,0.9990844976554667,0.9990844976554667,0.0,0.0,0,0
Pre-change CLO-DSF,reference/sensor_bias,40,40,0,0,0.0,0.0,0,0,,,0.0,,,0,,0,0,,,,,0,,0,0,0,0,,0,,0,,0,0,0,0.999101783441825,0.999101783441825,0.0,0.0,0,0
Pre-change CLO-DSF,reference/sensor_interface_intermittent,30,30,0,0,0.0,0.0,0,0,,,0.0,,,0,,0,0,,,,,0,,0,0,0,0,,0,,0,,0,0,0,0.9991190948389,0.9991190948389,0.0,0.0,0,0
Pre-change CLO-DSF,common_mode/ALL,40,40,0,0,0.0,0.0,40,0,,,0.0,,,0,,0,0,,,,,0,,0,0,0,40,0.0,40,0.0,40,0.0,0,0,0,0.999090765062575,0.999090765062575,0.0,0.0,0,0
Pre-change CLO-DSF,common_mode/sensor_bias_ramp,40,40,0,0,0.0,0.0,40,0,,,0.0,,,0,,0,0,,,,,0,,0,0,0,40,0.0,40,0.0,40,0.0,0,0,0,0.999090765062575,0.999090765062575,0.0,0.0,0,0
Pre-change CLO-DSF,legal_update_benign,150,0,150,0,,,0,0,0.0,,,,,0,,0,0,,,,,0,,0,0,0,0,,0,,0,,0,0,0,0.9961004499950267,0.9961004499950267,0.0,0.0,0,0
Weighted Sum,primary/ALL,100,100,0,60,0.6,0.6,27,0,,1.0,0.6,16500.0,23110.0,0,0.0,0,0,0.0,0.0,,0.0,60,1.0,0,0,0,94,0.6063829787234043,94,0.6063829787234043,76,0.6447368421052632,14,0,35,1.0,1.0,0.0,0.0,0,0
Weighted Sum,primary/sensor_bias_ramp,30,30,0,15,0.5,0.5,15,0,,1.0,0.5,15600.0,17860.0,0,0.0,0,0,0.0,0.0,,0.0,15,1.0,0,0,0,30,0.5,30,0.5,30,0.5,2,0,13,1.0,1.0,0.0,0.0,0,0
Weighted Sum,primary/sensor_bias,40,40,0,25,0.625,0.625,8,0,,1.0,0.625,20100.0,23939.999999999996,0,0.0,0,0,0.0,0.0,,0.0,25,1.0,0,0,0,36,0.6388888888888888,36,0.6388888888888888,27,0.7037037037037037,6,0,13,1.0,1.0,0.0,0.0,0,0
Weighted Sum,primary/sensor_interface_intermittent,30,30,0,20,0.6666666666666666,0.6666666666666666,4,0,,1.0,0.6666666666666666,8850.0,21750.0,0,0.0,0,0,0.0,0.0,,0.0,20,1.0,0,0,0,28,0.6785714285714286,28,0.6785714285714286,19,0.7894736842105263,6,0,9,1.0,1.0,0.0,0.0,0,0
Weighted Sum,reference/ALL,100,100,0,50,0.5,0.5,0,0,,1.0,0.5,17400.0,23510.0,0,0.0,0,0,0.0,0.0,,0.0,50,1.0,0,0,0,0,,0,,0,,0,0,0,1.0,1.0,0.0,0.0,0,0
Weighted Sum,reference/sensor_bias_ramp,30,30,0,15,0.5,0.5,0,0,,1.0,0.5,17700.0,19960.0,0,0.0,0,0,0.0,0.0,,0.0,15,1.0,0,0,0,0,,0,,0,,0,0,0,1.0,1.0,0.0,0.0,0,0
Weighted Sum,reference/sensor_bias,40,40,0,20,0.5,0.5,0,0,,1.0,0.5,15200.0,17550.0,0,0.0,0,0,0.0,0.0,,0.0,20,1.0,0,0,0,0,,0,,0,,0,0,0,1.0,1.0,0.0,0.0,0,0
Weighted Sum,reference/sensor_interface_intermittent,30,30,0,15,0.5,0.5,0,0,,1.0,0.5,21800.0,24100.0,0,0.0,0,0,0.0,0.0,,0.0,15,1.0,0,0,0,0,,0,,0,,0,0,0,1.0,1.0,0.0,0.0,0,0
Weighted Sum,common_mode/ALL,40,40,0,20,0.5,0.5,20,0,,1.0,0.5,19400.0,22010.0,0,0.0,0,0,0.0,0.0,,0.0,20,1.0,0,0,0,40,0.5,40,0.5,40,0.5,2,0,18,1.0,1.0,0.0,0.0,0,0
Weighted Sum,common_mode/sensor_bias_ramp,40,40,0,20,0.5,0.5,20,0,,1.0,0.5,19400.0,22010.0,0,0.0,0,0,0.0,0.0,,0.0,20,1.0,0,0,0,40,0.5,40,0.5,40,0.5,2,0,18,1.0,1.0,0.0,0.0,0,0
Weighted Sum,legal_update_benign,150,0,150,0,,,0,150,1.0,0.0,,,,0,,0,0,,,,,0,,0,0,0,0,,0,,0,,0,0,0,1.0,1.0,0.0,0.0,0,0
Simple OR,primary/ALL,100,100,0,55,0.55,0.55,32,0,,1.0,0.55,17000.0,23160.0,0,0.0,0,0,0.0,0.0,,0.0,55,1.0,0,0,0,94,0.5531914893617021,94,0.5531914893617021,76,0.5789473684210527,8,1,35,1.0,1.0,0.0,0.0,0,0
Simple OR,primary/sensor_bias_ramp,30,30,0,15,0.5,0.5,15,0,,1.0,0.5,15600.0,17860.0,0,0.0,0,0,0.0,0.0,,0.0,15,1.0,0,0,0,30,0.5,30,0.5,30,0.5,2,0,13,1.0,1.0,0.0,0.0,0,0
Simple OR,primary/sensor_bias,40,40,0,20,0.5,0.5,13,0,,1.0,0.5,21000.0,24110.0,0,0.0,0,0,0.0,0.0,,0.0,20,1.0,0,0,0,36,0.5,36,0.5,27,0.5185185185185185,1,0,13,1.0,1.0,0.0,0.0,0,0
Simple OR,primary/sensor_interface_intermittent,30,30,0,20,0.6666666666666666,0.6666666666666666,4,0,,1.0,0.6666666666666666,8900.0,21750.0,0,0.0,0,0,0.0,0.0,,0.0,20,1.0,0,0,0,28,0.6785714285714286,28,0.6785714285714286,19,0.7894736842105263,5,1,9,1.0,1.0,0.0,0.0,0,0
Simple OR,reference/ALL,100,100,0,50,0.5,0.5,0,0,,1.0,0.5,17400.0,23510.0,0,0.0,0,0,0.0,0.0,,0.0,50,1.0,0,0,0,0,,0,,0,,0,0,0,1.0,1.0,0.0,0.0,0,0
Simple OR,reference/sensor_bias_ramp,30,30,0,15,0.5,0.5,0,0,,1.0,0.5,17700.0,19960.0,0,0.0,0,0,0.0,0.0,,0.0,15,1.0,0,0,0,0,,0,,0,,0,0,0,1.0,1.0,0.0,0.0,0,0
Simple OR,reference/sensor_bias,40,40,0,20,0.5,0.5,0,0,,1.0,0.5,15200.0,17550.0,0,0.0,0,0,0.0,0.0,,0.0,20,1.0,0,0,0,0,,0,,0,,0,0,0,1.0,1.0,0.0,0.0,0,0
Simple OR,reference/sensor_interface_intermittent,30,30,0,15,0.5,0.5,0,0,,1.0,0.5,21800.0,24100.0,0,0.0,0,0,0.0,0.0,,0.0,15,1.0,0,0,0,0,,0,,0,,0,0,0,1.0,1.0,0.0,0.0,0,0
Simple OR,common_mode/ALL,40,40,0,20,0.5,0.5,20,0,,1.0,0.5,19400.0,22010.0,0,0.0,0,0,0.0,0.0,,0.0,20,1.0,0,0,0,40,0.5,40,0.5,40,0.5,2,0,18,1.0,1.0,0.0,0.0,0,0
Simple OR,common_mode/sensor_bias_ramp,40,40,0,20,0.5,0.5,20,0,,1.0,0.5,19400.0,22010.0,0,0.0,0,0,0.0,0.0,,0.0,20,1.0,0,0,0,40,0.5,40,0.5,40,0.5,2,0,18,1.0,1.0,0.0,0.0,0,0
Simple OR,legal_update_benign,150,0,150,0,,,0,150,1.0,0.0,,,,0,,0,0,,,,,0,,0,0,0,0,,0,,0,,0,0,0,1.0,1.0,0.0,0.0,0,0
Plain DS,primary/ALL,100,100,0,55,0.55,0.55,32,0,,1.0,0.55,17000.0,23160.0,45,0.8181818181818182,0,45,0.0,0.0,0.0,0.8181818181818182,10,0.18181818181818182,0,0,0,94,0.5531914893617021,94,0.5531914893617021,76,0.5789473684210527,4,5,35,0.4092378557754,0.4092378557754,0.01458327869589099,0.01458327869589099,5,5
Plain DS,primary/sensor_bias_ramp,30,30,0,15,0.5,0.5,15,0,,1.0,0.5,15600.0,17860.0,15,1.0,0,15,0.0,0.0,0.0,1.0,0,0.0,0,0,0,30,0.5,30,0.5,30,0.5,2,0,13,0.41780488773813335,0.41780488773813335,0.00011389801894141284,0.00011389801894141284,0,0
Plain DS,primary/sensor_bias,40,40,0,20,0.5,0.5,13,0,,1.0,0.5,21000.0,24110.0,20,1.0,0,20,0.0,0.0,0.0,1.0,0,0.0,0,0,0,36,0.5,36,0.5,27,0.5185185185185185,1,0,13,0.417822215379875,0.417822215379875,0.000246515505532625,0.000246515505532625,0,0
Plain DS,primary/sensor_interface_intermittent,30,30,0,20,0.6666666666666666,0.6666666666666666,4,0,,1.0,0.6666666666666666,8900.0,21750.0,10,0.5,0,10,0.0,0.0,0.0,0.5,10,0.5,0,0,0,28,0.6785714285714286,28,0.6785714285714286,19,0.7894736842105263,1,5,9,0.3892250110067,0.3892250110067,0.04816834362665172,0.04816834362665172,5,5
Plain DS,reference/ALL,100,100,0,50,0.5,0.5,0,0,,1.0,0.5,17400.0,23510.0,50,1.0,0,50,0.0,0.0,0.0,1.0,0,0.0,0,0,0,0,,0,,0,,0,0,0,0.41780569833854997,0.41780569833854997,0.00011746069886676537,0.00011746069886676537,0,0
Plain DS,reference/sensor_bias_ramp,30,30,0,15,0.5,0.5,0,0,,1.0,0.5,17700.0,19960.0,15,1.0,0,15,0.0,0.0,0.0,1.0,0,0.0,0,0,0,0,,0,,0,,0,0,0,0.41780669036609996,0.41780669036609996,0.00011877359467760517,0.00011877359467760517,0,0
Plain DS,reference/sensor_bias,40,40,0,20,0.5,0.5,0,0,,1.0,0.5,15200.0,17550.0,20,1.0,0,20,0.0,0.0,0.0,1.0,0,0.0,0,0,0,0,,0,,0,,0,0,0,0.41780569887054997,0.41780569887054997,0.0001174613221061017,0.0001174613221061017,0,0
Plain DS,reference/sensor_interface_intermittent,30,30,0,15,0.5,0.5,0,0,,1.0,0.5,21800.0,24100.0,15,1.0,0,15,0.0,0.0,0.0,1.0,0,0.0,0,0,0,0,,0,,0,,0,0,0,0.41780470560166666,0.41780470560166666,0.0001161469720701438,0.0001161469720701438,0,0
Plain DS,common_mode/ALL,40,40,0,20,0.5,0.5,20,0,,1.0,0.5,19400.0,22010.0,20,1.0,0,20,0.0,0.0,0.0,1.0,0,0.0,0,0,0,40,0.5,40,0.5,40,0.5,2,0,18,0.417805634084025,0.417805634084025,0.00011991297404040675,0.00011991297404040675,0,0
Plain DS,common_mode/sensor_bias_ramp,40,40,0,20,0.5,0.5,20,0,,1.0,0.5,19400.0,22010.0,20,1.0,0,20,0.0,0.0,0.0,1.0,0,0.0,0,0,0,40,0.5,40,0.5,40,0.5,2,0,18,0.417805634084025,0.417805634084025,0.00011991297404040675,0.00011991297404040675,0,0
Plain DS,legal_update_benign,150,0,150,0,,,0,150,1.0,0.0,,,,0,,0,0,,,,,0,,0,0,0,0,,0,,0,,0,0,0,0.33566632738154,0.33566632738154,0.0005537085959880947,0.0005537085959880947,0,0
Hybrid,primary/ALL,100,100,0,68,0.68,0.68,19,0,,1.0,0.68,13750.0,37130.0,0,0.0,0,0,0.0,0.0,,0.0,68,1.0,0,0,0,94,0.6914893617021277,94,0.6914893617021277,76,0.75,4,0,53,1.0,1.0,0.0,0.0,0,0
Hybrid,primary/sensor_bias_ramp,30,30,0,23,0.7666666666666667,0.7666666666666667,7,0,,1.0,0.7666666666666667,16400.0,38140.0,0,0.0,0,0,0.0,0.0,,0.0,23,1.0,0,0,0,30,0.7666666666666667,30,0.7666666666666667,30,0.7666666666666667,1,0,22,1.0,1.0,0.0,0.0,0,0
Hybrid,primary/sensor_bias,40,40,0,25,0.625,0.625,8,0,,1.0,0.625,900.0,24599.999999999996,0,0.0,0,0,0.0,0.0,,0.0,25,1.0,0,0,0,36,0.6388888888888888,36,0.6388888888888888,27,0.7037037037037037,2,0,17,1.0,1.0,0.0,0.0,0,0
Hybrid,primary/sensor_interface_intermittent,30,30,0,20,0.6666666666666666,0.6666666666666666,4,0,,1.0,0.6666666666666666,1050.0,22730.0,0,0.0,0,0,0.0,0.0,,0.0,20,1.0,0,0,0,28,0.6785714285714286,28,0.6785714285714286,19,0.7894736842105263,1,0,14,1.0,1.0,0.0,0.0,0,0
Hybrid,reference/ALL,100,100,0,50,0.5,0.5,0,0,,1.0,0.5,18800.0,29569.999999999996,0,0.0,0,0,0.0,0.0,,0.0,50,1.0,0,0,0,0,,0,,0,,0,0,0,1.0,1.0,0.0,0.0,0,0
Hybrid,reference/sensor_bias_ramp,30,30,0,15,0.5,0.5,0,0,,1.0,0.5,18400.0,30620.0,0,0.0,0,0,0.0,0.0,,0.0,15,1.0,0,0,0,0,,0,,0,,0,0,0,1.0,1.0,0.0,0.0,0,0
Hybrid,reference/sensor_bias,40,40,0,20,0.5,0.5,0,0,,1.0,0.5,16200.0,27280.0,0,0.0,0,0,0.0,0.0,,0.0,20,1.0,0,0,0,0,,0,,0,,0,0,0,1.0,1.0,0.0,0.0,0,0
Hybrid,reference/sensor_interface_intermittent,30,30,0,15,0.5,0.5,0,0,,1.0,0.5,23100.0,28249.99999999999,0,0.0,0,0,0.0,0.0,,0.0,15,1.0,0,0,0,0,,0,,0,,0,0,0,1.0,1.0,0.0,0.0,0,0
Hybrid,common_mode/ALL,40,40,0,29,0.725,0.725,11,0,,1.0,0.725,17300.0,26599.999999999993,0,0.0,0,0,0.0,0.0,,0.0,29,1.0,0,0,0,40,0.725,40,0.725,40,0.725,2,0,27,1.0,1.0,0.0,0.0,0,0
Hybrid,common_mode/sensor_bias_ramp,40,40,0,29,0.725,0.725,11,0,,1.0,0.725,17300.0,26599.999999999993,0,0.0,0,0,0.0,0.0,,0.0,29,1.0,0,0,0,40,0.725,40,0.725,40,0.725,2,0,27,1.0,1.0,0.0,0.0,0,0
Hybrid,legal_update_benign,150,0,150,0,,,0,150,1.0,0.0,,,,0,,0,0,,,,,0,,0,0,0,0,,0,,0,,0,0,0,1.0,1.0,0.0,0.0,0,0
