run_id,origin,model,behavior,magnitude,stuck_polarity,start_ms,duration_ms,group,partition,profile,workload,seed,simulation_duration_ms,sensor_variation,profile_semantic_sha256,configuration_sha256,initially_latent_stuck,effective_memory_corruption,first_integrity_mismatch_ms,first_consumption_mismatch_ms,first_sensor_residual_ms,first_positive_feature_ms,max_sensor_strength,raw_sha256,runtime_trace_sha256,method,first_alarm_ms,first_post_alarm_ms,origin_at_alarm,leading_at_alarm,origin_score_at_alarm,origin_margin_at_alarm,origin_ignorance_at_alarm,first_localization_ms,first_origin,samples,alarm_samples,pre_alarm_samples,mean_anomaly_ignorance,mean_origin_ignorance,mean_detection_conflict,mean_localization_conflict,high_detection_conflict_samples,high_localization_conflict_samples,propagation_samples,alarm_UNKNOWN,alarm_MEMORY,alarm_TIMING,alarm_COMMUNICATION,alarm_SENSOR_CONTROL,alarm_ACTUATOR,injected,detected,false_alarm,latency_ms,integrity_latency_ms,control_effect,actuator_effect,plant_manifestation,propagation_plant_ms,propagation_control_ms,propagation_actuator_command_ms,silent_plant,wrong_localized_runtime_samples,miss_category,localized_correct,unknown_at_alarm,localized_wrong,localization_before_plant
current_0036,SENSOR_CONTROL,sensor_bias,transient,-1.2,0,25900,9700,operating_family_0,development-train,current_profile_0036,static_target,1237,120000,0:0:6000,e863c3ae2cec6dae9152dbfef21ac5c6dc3ddc408eb5f0ccf5458595c7eb2ac2,cfa3ca4de076e5407effbd74bd5cbaef8b044fd4cef57b3a46afd56462439f2b,0,0,-1,-1,25900,25900,0.4762420654296875,c8540658820a26287d908d4ace3908b965748febd306cc2522268517d999ee87,f4bded7b8b4723ee6ab5be6ea19a41e1d63932f0e387b30e1207cde858be6654,Revised CLO-DSF,-1,-1,UNKNOWN,UNKNOWN,0.0,0.0,0.0,-1,UNKNOWN,1201,0,0,0.99432395747,0.99432395747,0.0,0.0,0,0,0,0,0,0,0,0,0,1,0,0,,,1,1,1,26000,25900,25900,1,0,A,0,0,0,0
current_0036,SENSOR_CONTROL,sensor_bias,transient,-1.2,0,25900,9700,operating_family_0,development-train,current_profile_0036,static_target,1237,120000,0:0:6000,e863c3ae2cec6dae9152dbfef21ac5c6dc3ddc408eb5f0ccf5458595c7eb2ac2,cfa3ca4de076e5407effbd74bd5cbaef8b044fd4cef57b3a46afd56462439f2b,0,0,-1,-1,25900,25900,0.4762420654296875,c8540658820a26287d908d4ace3908b965748febd306cc2522268517d999ee87,f4bded7b8b4723ee6ab5be6ea19a41e1d63932f0e387b30e1207cde858be6654,Pre-change CLO-DSF,-1,-1,UNKNOWN,UNKNOWN,0.0,0.0,0.0,-1,UNKNOWN,1201,0,0,0.99432395747,0.99432395747,0.0,0.0,0,0,0,0,0,0,0,0,0,1,0,0,,,1,1,1,26000,25900,25900,1,0,A,0,0,0,0
current_0037,SENSOR_CONTROL,sensor_bias,transient,1.2,0,26200,13700,operating_family_0,development-train,current_profile_0037,authorized_updates,1238,120000,0:0:6000,babbc3cdd5b543624a9419db30da0542ccf4576f60058fb395b1fa1b99507778,50e870cda495b9950eb19e9a159842e79c09a72e9266bb32aa6c5a54db5aafc2,0,0,-1,-1,26200,26200,0.480224609375,969a2cfd8660765593333fafb1bf3a755f83a9b2fd8d9a1a75c156427d2d2c24,e40f59908975b0548b343cfafeee835a51721ded56a2153c03e56be362c8ae64,Revised CLO-DSF,-1,-1,UNKNOWN,UNKNOWN,0.0,0.0,0.0,-1,UNKNOWN,1201,0,0,0.99431953717,0.99431953717,0.0,0.0,0,0,0,0,0,0,0,0,0,1,0,0,,,1,1,1,26300,26200,26200,1,0,A,0,0,0,0
current_0037,SENSOR_CONTROL,sensor_bias,transient,1.2,0,26200,13700,operating_family_0,development-train,current_profile_0037,authorized_updates,1238,120000,0:0:6000,babbc3cdd5b543624a9419db30da0542ccf4576f60058fb395b1fa1b99507778,50e870cda495b9950eb19e9a159842e79c09a72e9266bb32aa6c5a54db5aafc2,0,0,-1,-1,26200,26200,0.480224609375,969a2cfd8660765593333fafb1bf3a755f83a9b2fd8d9a1a75c156427d2d2c24,e40f59908975b0548b343cfafeee835a51721ded56a2153c03e56be362c8ae64,Pre-change CLO-DSF,-1,-1,UNKNOWN,UNKNOWN,0.0,0.0,0.0,-1,UNKNOWN,1201,0,0,0.99431953717,0.99431953717,0.0,0.0,0,0,0,0,0,0,0,0,0,1,0,0,,,1,1,1,26300,26200,26200,1,0,A,0,0,0,0
current_0044,SENSOR_CONTROL,sensor_bias,permanent,-1.2,0,25900,18500,operating_family_0,development-train,current_profile_0044,static_target,1245,120000,0:0:6000,dd564e22979e80244c7e97d1b25af0da2417bc53dac58ec9a08fd42d1a7f6d6f,b273e50c98e147a12e4aa5a51ef471ee401e3672c1832d6f3db6e1d65ae0ec21,0,0,-1,-1,25900,25900,0.4751129150390625,6be05124fee28381e6bdf2307c5b36bbff8084def87dc2c1df72beffe18dd0cd,aead230d140c94504982144a8cd55d54048202a0f4035e8bcd7f75dab6ea7236,Revised CLO-DSF,-1,-1,UNKNOWN,UNKNOWN,0.0,0.0,0.0,-1,UNKNOWN,1201,0,0,0.994346558625,0.994346558625,0.0,0.0,0,0,0,0,0,0,0,0,0,1,0,0,,,1,1,1,26000,25900,25900,1,0,A,0,0,0,0
current_0044,SENSOR_CONTROL,sensor_bias,permanent,-1.2,0,25900,18500,operating_family_0,development-train,current_profile_0044,static_target,1245,120000,0:0:6000,dd564e22979e80244c7e97d1b25af0da2417bc53dac58ec9a08fd42d1a7f6d6f,b273e50c98e147a12e4aa5a51ef471ee401e3672c1832d6f3db6e1d65ae0ec21,0,0,-1,-1,25900,25900,0.4751129150390625,6be05124fee28381e6bdf2307c5b36bbff8084def87dc2c1df72beffe18dd0cd,aead230d140c94504982144a8cd55d54048202a0f4035e8bcd7f75dab6ea7236,Pre-change CLO-DSF,-1,-1,UNKNOWN,UNKNOWN,0.0,0.0,0.0,-1,UNKNOWN,1201,0,0,0.994346558625,0.994346558625,0.0,0.0,0,0,0,0,0,0,0,0,0,1,0,0,,,1,1,1,26000,25900,25900,1,0,A,0,0,0,0
current_0045,SENSOR_CONTROL,sensor_bias,permanent,1.2,0,26200,9700,operating_family_0,development-train,current_profile_0045,authorized_updates,1246,120000,0:0:6000,fdbdc2b673c1e44916cf0f5453166a3a7168a735956e4c19ea16f8752a128a61,43867aefed047817178036176e09a2494856bc3b81f0c1a2c9b370da3f7576c8,0,0,-1,-1,26200,26200,0.4800148010253906,50985e0106e40683333f2d9ff762d2cb8814e6425520dc7fbea1f116f505c56f,43426d65fbb3ff005cd4d37e22db2632c08a9fddab751f93cd491126d85d0893,Revised CLO-DSF,-1,-1,UNKNOWN,UNKNOWN,0.0,0.0,0.0,-1,UNKNOWN,1201,0,0,0.994353374002,0.994353374002,0.0,0.0,0,0,0,0,0,0,0,0,0,1,0,0,,,1,1,1,26300,26200,26200,1,0,A,0,0,0,0
current_0045,SENSOR_CONTROL,sensor_bias,permanent,1.2,0,26200,9700,operating_family_0,development-train,current_profile_0045,authorized_updates,1246,120000,0:0:6000,fdbdc2b673c1e44916cf0f5453166a3a7168a735956e4c19ea16f8752a128a61,43867aefed047817178036176e09a2494856bc3b81f0c1a2c9b370da3f7576c8,0,0,-1,-1,26200,26200,0.4800148010253906,50985e0106e40683333f2d9ff762d2cb8814e6425520dc7fbea1f116f505c56f,43426d65fbb3ff005cd4d37e22db2632c08a9fddab751f93cd491126d85d0893,Pre-change CLO-DSF,-1,-1,UNKNOWN,UNKNOWN,0.0,0.0,0.0,-1,UNKNOWN,1201,0,0,0.994353374002,0.994353374002,0.0,0.0,0,0,0,0,0,0,0,0,0,1,0,0,,,1,1,1,26300,26200,26200,1,0,A,0,0,0,0
current_0048,SENSOR_CONTROL,sensor_interface_intermittent,transient,0.5,0,24700,9700,operating_family_0,development-train,current_profile_0048,static_target,1249,120000,0:0:6000,2a68fdb4bcc3345fe9d4357f4eede9b06037740207f366ba936dced56713ab99,0a1abc24964fb82419507427e302f34e3a4553e1ec2f60283da087887831cb5a,0,0,-1,-1,24800,24800,0.37987518310546875,63633d26d2dbed45549912c2d3ba18172a41acb8c4a6a87cbe34ec758e50f721,a3a7a0fbb665cfc5cf76dedc0241d8e3cd5af1160ea70cd1c4d6b25bfe8f1c1d,Weighted Sum,-1,-1,UNKNOWN,UNKNOWN,0.0,0.0,0.0,-1,UNKNOWN,1201,0,0,1.0,1.0,0.0,0.0,0,0,0,0,0,0,0,0,0,1,0,0,,,1,1,1,25600,24700,24700,1,0,A,0,0,0,0
current_0052,SENSOR_CONTROL,sensor_interface_intermittent,intermittent,0.5,0,25900,13700,operating_family_0,development-train,current_profile_0052,static_target,1253,120000,0:0:6000,7913db8bc0607e0571193ef1777c782e014a797c6a7eea8c9565679e111191b8,0c39c07cd0ad0dfb5b4df69cd48664accbb50044f5d41bcd39bf787182c1aa38,0,0,-1,-1,26000,26000,0.37982177734375,330e8e19e6d2f0b6e883ddd2a44b58929fe4d901e73e323d4b1f08a41bf6abb6,d591e50af4eb7a06b5b1635760f5ea2751de66a74f47783129ab5c426b5e023a,Weighted Sum,-1,-1,UNKNOWN,UNKNOWN,0.0,0.0,0.0,-1,UNKNOWN,1201,0,0,1.0,1.0,0.0,0.0,0,0,0,0,0,0,0,0,0,1,0,0,,,1,1,1,26800,25900,25900,1,0,A,0,0,0,0
current_0056,SENSOR_CONTROL,sensor_interface_intermittent,permanent,0.5,0,24700,18500,operating_family_0,development-train,current_profile_0056,static_target,1257,120000,0:0:6000,98e74119c547cd946ebdb249b1e2fb960eb66f71470a9c1f6569f045d9dfe711,46db0c337375be2a7a7b69940953eaf34c09aec6083b10393c4b2db4205e06c1,0,0,-1,-1,24800,24800,0.3798675537109375,32e1cc92a6569bb40f2afb3d5e63bc110e0bbdc35d776f043eab5e26b24718e9,c42e9716eb12c91e8482c4348f93b7a24baf1d574a03e34e95ee22aea3c75048,Weighted Sum,-1,-1,UNKNOWN,UNKNOWN,0.0,0.0,0.0,-1,UNKNOWN,1201,0,0,1.0,1.0,0.0,0.0,0,0,0,0,0,0,0,0,0,1,0,0,,,1,1,1,25600,24700,24700,1,0,A,0,0,0,0
current_0060,COMMUNICATION,delayed_update,transient,100,0,25900,9700,operating_family_0,development-train,current_profile_0060,static_target,1261,120000,0:0:6000,27086286f8f5cd85c3d3b589c8fac10454b4112c8915da27f78dfeb8826583fd,7124dc4d000bf44ad17dd7c24034179964bef7a7f1aef3ecb39fafcc5ab54d65,0,0,-1,25900,-1,25900,0,d64b4003990ba2354378580e744ab9a665eaa31e29f940c1dd49fa3fa81b37d3,627da71e62de5d5ec17c869928f66f99db0804a0c1be229574afa54fd848e3c9,Weighted Sum,-1,-1,UNKNOWN,UNKNOWN,0.0,0.0,0.0,-1,UNKNOWN,1201,0,0,1.0,1.0,0.0,0.0,0,0,0,0,0,0,0,0,0,1,0,0,,,1,1,0,,25900,25900,0,0,A,0,0,0,0
current_0064,COMMUNICATION,delayed_update,intermittent,200,0,24700,13700,operating_family_0,development-train,current_profile_0064,static_target,1265,120000,0:0:6000,fcaf549f7af9c1c95c85363bba2ddc931e2e904a45f8ba7523719500b9fcbf73,af4a87b5e3dfef73cbca6f7f8333dce6be0a63ba7f350bf3ab19ceaeef9578f6,0,0,-1,24700,-1,24700,0,785bb27ac623e52c2a836aa1344c828bdd6018fa550709eba3c423555f6181ee,de79f971a6ab3da5231527fda0216eb1cf09723c69fc1d9e3dee158ad22f36cc,Weighted Sum,-1,-1,UNKNOWN,UNKNOWN,0.0,0.0,0.0,-1,UNKNOWN,1201,0,0,1.0,1.0,0.0,0.0,0,0,0,0,0,0,0,0,0,1,0,0,,,1,1,0,,24700,24700,0,0,A,0,0,0,0
current_0066,COMMUNICATION,delayed_update,permanent,100,0,25300,9700,operating_family_0,development-train,current_profile_0066,static_target,1267,120000,0:0:6000,02c461c79cb092eaff9c32aa491577ceb2834da3a4deb7e51974cfa40520740a,2a7686aec5df6b3f7999788d692ed87a98c867228f22ff23f3aaecd89db69aa3,0,0,-1,25300,-1,25300,0,6927cd2454103b05f8d6cf79a2d4a70373f6b1a5f2838742ec1ce8db5e19ff6b,a48ba56ba01d3b6aa169c910fa2740f07619ec2b23feeba5cd995c5e626d308f,Weighted Sum,-1,-1,UNKNOWN,UNKNOWN,0.0,0.0,0.0,-1,UNKNOWN,1201,0,0,1.0,1.0,0.0,0.0,0,0,0,0,0,0,0,0,0,1,0,0,,,1,1,0,,25300,25300,0,0,A,0,0,0,0
current_0072,COMMUNICATION,dropped_update,intermittent,1,0,24700,9700,operating_family_0,development-train,current_profile_0072,static_target,1273,120000,0:0:6000,d50c4c0dc41896bb583e8b2520d49f9b5b0bf638b30694c76b20a62c3aea5486,7e6d0cb5e0844ef1d21914e827cdca694c9294d1cab7c126f543c081c7349efe,0,0,-1,24700,-1,24700,0,192526b059514101fafeb667d436db89c2fd83894a76b06534293c5c3a6cf14d,a247ce851ba877aeebe914adb0001b9306534c6a8d39795dafe85348220e6541,Weighted Sum,-1,-1,UNKNOWN,UNKNOWN,0.0,0.0,0.0,-1,UNKNOWN,1201,0,0,1.0,1.0,0.0,0.0,0,0,0,0,0,0,0,0,0,1,0,0,,,1,1,0,,24700,24700,0,0,A,0,0,0,0
current_0078,COMMUNICATION,replayed_sample,transient,100,0,26500,9700,operating_family_0,development-train,current_profile_0078,static_target,1279,120000,0:0:6000,30b1bb2d1caf9fc3736fb835312f74f32a5cd3ee71063fbed7a9caa5d6c63860,c528735ea871db8f75f2c0e7610e1184f601370b7f5ea2a4cf2590d0936fba02,0,0,-1,26500,-1,26500,0,11a8ec65f50174491d67c1edd257e11f47dee65d50b7cc2ffad7535e35e9d5fe,735dc8309941354c32fb78cbd7f9b339c54f51450f3e5bedaf4d8b488248e696,Weighted Sum,-1,-1,UNKNOWN,UNKNOWN,0.0,0.0,0.0,-1,UNKNOWN,1201,0,0,1.0,1.0,0.0,0.0,0,0,0,0,0,0,0,0,0,1,0,0,,,1,1,0,,26500,26500,0,0,A,0,0,0,0
current_0084,COMMUNICATION,replayed_sample,permanent,100,0,25900,9700,operating_family_0,development-train,current_profile_0084,static_target,1285,120000,0:0:6000,3120b41c75eb656b24f6549d53db3c1036c6971fd8e66572236c3bf576aa42b2,ab1c22e8627024aed91446ead6a26a17fc8b524792be75f7ad738d3a12dcde4e,0,0,-1,25900,-1,25900,0,6d23055789878ebc88ff5daf64e50323d2d42e4e381e590c19273be05b13f5d0,dc364f03ea0607c1f6d6ddc32c52c287013c996585b84139e3496e4444a59978,Weighted Sum,-1,-1,UNKNOWN,UNKNOWN,0.0,0.0,0.0,-1,UNKNOWN,1201,0,0,1.0,1.0,0.0,0.0,0,0,0,0,0,0,0,0,0,1,0,0,,,1,1,0,,25900,25900,0,0,A,0,0,0,0
current_0088,ACTUATOR,pump_degraded,transient,0.69,0,24700,13700,operating_family_0,development-train,current_profile_0088,static_target,1289,120000,0:0:6000,bde2c4d7742830f7fba650b364790b7210b6f77754985d694c1f6429f78c1b99,e4ea3d2dc0dee6a544a942df7dd1190b8e14ef6a5367d5572c8531d46e4ddc01,0,0,-1,-1,-1,24700,0,733e59ed39fa2230ac969d41c493b6fe1d698a57b77e380800599908370e66eb,72c21b88a9ec813ad1be328a2c493a9e5b9237a8a44e57f0334f9aaf82774456,Weighted Sum,-1,-1,UNKNOWN,UNKNOWN,0.0,0.0,0.0,-1,UNKNOWN,1201,0,0,1.0,1.0,0.0,0.0,0,0,0,0,0,0,0,0,0,1,0,0,,,1,1,1,24900,24800,24800,1,0,A,0,0,0,0
current_0090,ACTUATOR,pump_degraded,intermittent,0.69,0,25300,9700,operating_family_0,development-train,current_profile_0090,static_target,1291,120000,0:0:6000,47472cd03ce130384f2f558972434829c268c89bf2b6b44bedc1384ade35c0b7,e983bf242cbb184fea04d77b91ac2bc98d0435a1f695e04c61f58fe4b507ff9d,0,0,-1,-1,-1,25300,0,807e2c0431ea544a8b239f91413a4f43e012493343200acbe311f24b506896e0,5306c502acdb606a9f2dfc30a0c00155e73220347d5ef8628de7671c914becc4,Weighted Sum,-1,-1,UNKNOWN,UNKNOWN,0.0,0.0,0.0,-1,UNKNOWN,1201,0,0,1.0,1.0,0.0,0.0,0,0,0,0,0,0,0,0,0,1,0,0,,,1,1,1,25500,25400,25400,1,0,A,0,0,0,0
current_0092,ACTUATOR,pump_degraded,permanent,0.69,0,25900,18500,operating_family_0,development-train,current_profile_0092,static_target,1293,120000,0:0:6000,35094cc723d31dca52f60ecadf3fd38eaa790568536c5a5ed666251eaeab883c,3573e17b8fd535df6b12549ee8c9895679a321e55d0560761c148b7986e77894,0,0,-1,-1,-1,25900,0,9ba8ae37ab2dee1df4165f933033c1ce7cf65308d09e1d161b697476598d677b,76fdb8ce6f344100cf0446a57ceb8fae259af8fdba082495c4978db631069d4c,Weighted Sum,-1,-1,UNKNOWN,UNKNOWN,0.0,0.0,0.0,-1,UNKNOWN,1201,0,0,1.0,1.0,0.0,0.0,0,0,0,0,0,0,0,0,0,1,0,0,,,1,1,1,26100,26000,26000,1,0,A,0,0,0,0
current_0159,SENSOR_CONTROL,sensor_bias,transient,-1.2,0,25900,9700,operating_family_1,development-train,current_profile_0159,authorized_updates,1374,120000,0:0:6000,f08e09c2d030a8febe86c90536f70319c40b1f925f6cb55e6b9435cba09f2123,e0a846f9925a7a2525edafc720633095bf6da81e0d465467bbca365ab6429a59,0,0,-1,-1,25900,25900,0.49103546142578125,c0023410da6469fcfd89833d133e0bb4239eaca01810bf6ff540e6493b55f2ad,f58c9110c9941514b6465c3448e19967e50b819b9c3dbefd37b1bdc4f857f31e,Revised CLO-DSF,-1,-1,UNKNOWN,UNKNOWN,0.0,0.0,0.0,-1,UNKNOWN,1201,0,0,0.996003112031,0.996003112031,0.0,0.0,0,0,0,0,0,0,0,0,0,1,0,0,,,1,1,1,26000,25900,25900,1,0,A,0,0,0,0
current_0159,SENSOR_CONTROL,sensor_bias,transient,-1.2,0,25900,9700,operating_family_1,development-train,current_profile_0159,authorized_updates,1374,120000,0:0:6000,f08e09c2d030a8febe86c90536f70319c40b1f925f6cb55e6b9435cba09f2123,e0a846f9925a7a2525edafc720633095bf6da81e0d465467bbca365ab6429a59,0,0,-1,-1,25900,25900,0.49103546142578125,c0023410da6469fcfd89833d133e0bb4239eaca01810bf6ff540e6493b55f2ad,f58c9110c9941514b6465c3448e19967e50b819b9c3dbefd37b1bdc4f857f31e,Pre-change CLO-DSF,-1,-1,UNKNOWN,UNKNOWN,0.0,0.0,0.0,-1,UNKNOWN,1201,0,0,0.996003112031,0.996003112031,0.0,0.0,0,0,0,0,0,0,0,0,0,1,0,0,,,1,1,1,26000,25900,25900,1,0,A,0,0,0,0
current_0160,SENSOR_CONTROL,sensor_bias,transient,1.2,0,26200,13700,operating_family_1,development-train,current_profile_0160,static_target,1375,120000,0:0:6000,ee47b9b06ff00b221f8459a3959b9ec35cbd279cca94b53e5f271569d61f2799,426c9f2129f0fbd6abd5807181245c3e401217fdf093942b5449802e8ddba883,0,0,-1,-1,26200,26200,0.4805145263671875,c61e96464dfdd6a992d31bc79c51143fe68c3e9f9dea29fb7be9e149d43eb430,b3a730f25db5e2628972c51a9fb541406333122b6a5576f733541cf7527dde19,Revised CLO-DSF,-1,-1,UNKNOWN,UNKNOWN,0.0,0.0,0.0,-1,UNKNOWN,1201,0,0,0.99602139145,0.99602139145,0.0,0.0,0,0,0,0,0,0,0,0,0,1,0,0,,,1,1,1,26300,26200,26200,1,0,A,0,0,0,0
current_0160,SENSOR_CONTROL,sensor_bias,transient,1.2,0,26200,13700,operating_family_1,development-train,current_profile_0160,static_target,1375,120000,0:0:6000,ee47b9b06ff00b221f8459a3959b9ec35cbd279cca94b53e5f271569d61f2799,426c9f2129f0fbd6abd5807181245c3e401217fdf093942b5449802e8ddba883,0,0,-1,-1,26200,26200,0.4805145263671875,c61e96464dfdd6a992d31bc79c51143fe68c3e9f9dea29fb7be9e149d43eb430,b3a730f25db5e2628972c51a9fb541406333122b6a5576f733541cf7527dde19,Pre-change CLO-DSF,-1,-1,UNKNOWN,UNKNOWN,0.0,0.0,0.0,-1,UNKNOWN,1201,0,0,0.99602139145,0.99602139145,0.0,0.0,0,0,0,0,0,0,0,0,0,1,0,0,,,1,1,1,26300,26200,26200,1,0,A,0,0,0,0
current_0163,SENSOR_CONTROL,sensor_bias,intermittent,-1.2,0,24700,13700,operating_family_1,development-train,current_profile_0163,authorized_updates,1378,120000,0:0:6000,1489550afc091e89906a01f10ae8ad8cc05f688857957d44a6a4b26230c44abb,9e488cd06017b90f0f0bb74309a5f6e11c3c223f6e5d236bba7d4319dda425fa,0,0,-1,-1,24700,24700,0.4823951721191406,dfaa6edbda9d73033bb7b3c3f3489e3221378f918798e4c71b5c0eee9947d9b0,6b1df9ad6bd1a4ed28178335b6bf9bc089f5c10150f6ffa3d72a959d5ee91d1f,Revised CLO-DSF,-1,-1,UNKNOWN,UNKNOWN,0.0,0.0,0.0,-1,UNKNOWN,1201,0,0,0.992202346989,0.992202346989,0.0,0.0,0,0,0,0,0,0,0,0,0,1,0,0,,,1,1,1,24800,24700,24700,1,0,A,0,0,0,0
current_0163,SENSOR_CONTROL,sensor_bias,intermittent,-1.2,0,24700,13700,operating_family_1,development-train,current_profile_0163,authorized_updates,1378,120000,0:0:6000,1489550afc091e89906a01f10ae8ad8cc05f688857957d44a6a4b26230c44abb,9e488cd06017b90f0f0bb74309a5f6e11c3c223f6e5d236bba7d4319dda425fa,0,0,-1,-1,24700,24700,0.4823951721191406,dfaa6edbda9d73033bb7b3c3f3489e3221378f918798e4c71b5c0eee9947d9b0,6b1df9ad6bd1a4ed28178335b6bf9bc089f5c10150f6ffa3d72a959d5ee91d1f,Pre-change CLO-DSF,-1,-1,UNKNOWN,UNKNOWN,0.0,0.0,0.0,-1,UNKNOWN,1201,0,0,0.992202346989,0.992202346989,0.0,0.0,0,0,0,0,0,0,0,0,0,1,0,0,,,1,1,1,24800,24700,24700,1,0,A,0,0,0,0
current_0167,SENSOR_CONTROL,sensor_bias,permanent,-1.2,0,25900,18500,operating_family_1,development-train,current_profile_0167,authorized_updates,1382,120000,0:0:6000,319c4f0c913a8b2422053bea4a27e9e99da900040f2c4b3378b712ef6fcc814a,b27b100db8c3528eb6b90dc8bc4380473282a2aa51b1d08aa8ea459da1dcd6df,0,0,-1,-1,25900,25900,0.4764747619628906,78491de1ee90ff47ad6c44a255b3461e18fd8bfee452fc9cc3260189e1036b48,c73bbbd254f5475f61c2a0888b6ec2aea09a0ad3c968268f3284b26df65828cd,Revised CLO-DSF,-1,-1,UNKNOWN,UNKNOWN,0.0,0.0,0.0,-1,UNKNOWN,1201,0,0,0.996063794621,0.996063794621,0.0,0.0,0,0,0,0,0,0,0,0,0,1,0,0,,,1,1,1,26000,25900,25900,1,0,A,0,0,0,0
current_0167,SENSOR_CONTROL,sensor_bias,permanent,-1.2,0,25900,18500,operating_family_1,development-train,current_profile_0167,authorized_updates,1382,120000,0:0:6000,319c4f0c913a8b2422053bea4a27e9e99da900040f2c4b3378b712ef6fcc814a,b27b100db8c3528eb6b90dc8bc4380473282a2aa51b1d08aa8ea459da1dcd6df,0,0,-1,-1,25900,25900,0.4764747619628906,78491de1ee90ff47ad6c44a255b3461e18fd8bfee452fc9cc3260189e1036b48,c73bbbd254f5475f61c2a0888b6ec2aea09a0ad3c968268f3284b26df65828cd,Pre-change CLO-DSF,-1,-1,UNKNOWN,UNKNOWN,0.0,0.0,0.0,-1,UNKNOWN,1201,0,0,0.996063794621,0.996063794621,0.0,0.0,0,0,0,0,0,0,0,0,0,1,0,0,,,1,1,1,26000,25900,25900,1,0,A,0,0,0,0
current_0168,SENSOR_CONTROL,sensor_bias,permanent,1.2,0,26200,9700,operating_family_1,development-train,current_profile_0168,static_target,1383,120000,0:0:6000,a25812d7f7e5b6e8e43bef921e390b580aef42ff8217f460685b8988374d6db7,665c3a6b2e827527563bd7a32beddd29acbc3368e61a32a5849afa1bd0bc3525,0,0,-1,-1,26200,26200,0.48052978515625,a31a14d2298f058b5ead17be57ad9666eb1c354b3fe9c272dff7ee53b8419d81,46a378855619fd12553ae900d5247714ec77c8ae735dfeccf0fba3390b720baf,Revised CLO-DSF,-1,-1,UNKNOWN,UNKNOWN,0.0,0.0,0.0,-1,UNKNOWN,1201,0,0,0.996020136825,0.996020136825,0.0,0.0,0,0,0,0,0,0,0,0,0,1,0,0,,,1,1,1,26300,26200,26200,1,0,A,0,0,0,0
current_0168,SENSOR_CONTROL,sensor_bias,permanent,1.2,0,26200,9700,operating_family_1,development-train,current_profile_0168,static_target,1383,120000,0:0:6000,a25812d7f7e5b6e8e43bef921e390b580aef42ff8217f460685b8988374d6db7,665c3a6b2e827527563bd7a32beddd29acbc3368e61a32a5849afa1bd0bc3525,0,0,-1,-1,26200,26200,0.48052978515625,a31a14d2298f058b5ead17be57ad9666eb1c354b3fe9c272dff7ee53b8419d81,46a378855619fd12553ae900d5247714ec77c8ae735dfeccf0fba3390b720baf,Pre-change CLO-DSF,-1,-1,UNKNOWN,UNKNOWN,0.0,0.0,0.0,-1,UNKNOWN,1201,0,0,0.996020136825,0.996020136825,0.0,0.0,0,0,0,0,0,0,0,0,0,1,0,0,,,1,1,1,26300,26200,26200,1,0,A,0,0,0,0
current_0184,COMMUNICATION,delayed_update,transient,200,0,26200,13700,operating_family_1,development-train,current_profile_0184,static_target,1399,120000,0:0:6000,c5dd882b6c657372dfb6d2a162906bab7ae7ad57313d1f749639fa1a72d34da4,12278a2466c47654d1ef3d147b0754f4270b7d731dfe723114f7047e6c53b7c1,0,0,-1,26200,-1,26200,0,4e74b4f864e9f33544fe0dfa81bca34f4b40808fec89d508f9766c456b5a8811,0ed0d20dd5cad014997e3e693cec7f3d7d8d8b2fd02950c4138265220df921ab,Weighted Sum,-1,-1,UNKNOWN,UNKNOWN,0.0,0.0,0.0,-1,UNKNOWN,1201,0,0,1.0,1.0,0.0,0.0,0,0,0,0,0,0,0,0,0,1,0,0,,,1,1,0,,26200,26200,0,0,A,0,0,0,0
current_0186,COMMUNICATION,delayed_update,intermittent,100,0,26800,9700,operating_family_1,development-train,current_profile_0186,static_target,1401,120000,0:0:6000,0f46201ebcaa41a73a8e3ecee4f56004c2263f85e06b7a04e235873825f1dec2,6d41eed1f24cf4012e468cffbd9a975dd0b638b2469a911059ec501b65e8dbef,0,0,-1,26800,-1,26800,0,18661bb099af066dc6c3ba636c36a22d9269adaf1711b841b28c775fbbf2011a,544710b383c2e37e483dde7984f1ae3e080eb7f728883b2ecaa4353dbbbfa5b6,Weighted Sum,-1,-1,UNKNOWN,UNKNOWN,0.0,0.0,0.0,-1,UNKNOWN,1201,0,0,1.0,1.0,0.0,0.0,0,0,0,0,0,0,0,0,0,1,0,0,,,1,1,0,,26800,26800,0,0,A,0,0,0,0
current_0190,COMMUNICATION,delayed_update,permanent,200,0,25600,13700,operating_family_1,development-train,current_profile_0190,static_target,1405,120000,0:0:6000,dfc8af2c16606c45a06829739ca2e184ca1854d40537de15ee7b938ed50cc6e1,3afb8267366089c6c44e376253fed1e49d5b26236c026ac4b112a3f2248f86a5,0,0,-1,25600,-1,25600,0,a45f671bbb2b22efe980c55351d1626aad93cdfc3f900cf13c88f3d6aae5a624,4a6f399929b262aca0f2f2dcce553a59f66ac8ac277f055a04dcc8d8291343e1,Weighted Sum,-1,-1,UNKNOWN,UNKNOWN,0.0,0.0,0.0,-1,UNKNOWN,1201,0,0,1.0,1.0,0.0,0.0,0,0,0,0,0,0,0,0,0,1,0,0,,,1,1,1,50000,25600,25600,1,0,A,0,0,0,0
current_0192,COMMUNICATION,dropped_update,transient,1,0,26200,9700,operating_family_1,development-train,current_profile_0192,static_target,1407,120000,0:0:6000,973b2bc46b9a36104e484fab842a1111176d8cd9cfcb4b17671540a894a51b65,508950a2bdc9da640c5eb3c60282adf26fb0fbc8a9dcbc61c5b2f7012d2731b5,0,0,-1,26200,-1,26200,0,f2e7ad072230a5127feebcd7998d40c93787f8c228118552391fb2f5342b0c15,f2911c5b3fdf8178c5c65f519ebca55dad5b2503a20409016b49512bde5ea0ac,Weighted Sum,-1,-1,UNKNOWN,UNKNOWN,0.0,0.0,0.0,-1,UNKNOWN,1201,0,0,1.0,1.0,0.0,0.0,0,0,0,0,0,0,0,0,0,1,0,0,,,1,1,0,,26200,26200,0,0,A,0,0,0,0
current_0198,COMMUNICATION,dropped_update,permanent,1,0,25600,9700,operating_family_1,development-train,current_profile_0198,static_target,1413,120000,0:0:6000,655c38e6b9cc81ec480a3a777796faeea09615e34e9b666412d0bcf568a85eaa,4e8a20a926c4d68e151bf0d3a72c14619bd81106ad9b3cd55551046810ff88c5,0,0,-1,25600,-1,25600,0,544b965b32e9377e6b110b4c3f6294f80782a2635fc7d88212e98467fbf1c122,d3904fcdf889eed5cd6e1084ab7db2154c6d04e8fc6bdfd5295df420d0df27be,Weighted Sum,-1,-1,UNKNOWN,UNKNOWN,0.0,0.0,0.0,-1,UNKNOWN,1201,0,0,1.0,1.0,0.0,0.0,0,0,0,0,0,0,0,0,0,1,0,0,,,1,1,0,,25600,25600,0,0,A,0,0,0,0
current_0204,COMMUNICATION,replayed_sample,intermittent,100,0,25000,9700,operating_family_1,development-train,current_profile_0204,static_target,1419,120000,0:0:6000,e6cd760d2f433d06bf8ae04841fbab9fa2ccb1054132bcbced828927ddfe2b42,138779b55f6cd8f1c3ea09042ab4b39c9fe69b5ac26ef16a1bb24950d964d0db,0,0,-1,25000,-1,25000,0,114665d55c4dd1177b3eb2c828dcbcb5e4c06d34a874794b195a31553ba96214,4a2f5692295f8b64127b1458a2834176d2393e56e5eb860676ffc42c80a7fca6,Weighted Sum,-1,-1,UNKNOWN,UNKNOWN,0.0,0.0,0.0,-1,UNKNOWN,1201,0,0,1.0,1.0,0.0,0.0,0,0,0,0,0,0,0,0,0,1,0,0,,,1,1,0,,25000,25000,0,0,A,0,0,0,0
current_0210,ACTUATOR,pump_degraded,transient,0.968,0,26800,9700,operating_family_1,development-train,current_profile_0210,static_target,1425,120000,0:0:6000,2f8f8dcd1bad4858f85e46f4582f4e8a030cb98bf703d77bff14ee4f9e2a8fc4,ee79956573ec27afe3c26fec9e93ddf349d36be0f2d1b9cc274a9277f1b24af5,0,0,-1,-1,-1,26800,0,e6184d88ceba0c6bde1bbd516c35ee11d219f9db4844ef07a06439248dccd6e9,cc2053f832c810908d42a4ec2096e7a26cdb23eba293af92ae835f63d6808f9b,Weighted Sum,-1,-1,UNKNOWN,UNKNOWN,0.0,0.0,0.0,-1,UNKNOWN,1201,0,0,1.0,1.0,0.0,0.0,0,0,0,0,0,0,0,0,0,1,0,0,,,1,1,1,27000,26900,26900,1,0,A,0,0,0,0
current_0212,ACTUATOR,pump_degraded,intermittent,0.968,0,25000,18500,operating_family_1,development-train,current_profile_0212,static_target,1427,120000,0:0:6000,19bc0fcfbdd514d376cd1247ad2db2a38c2edef6ce5aa06d46a8106c060833b9,60c90e0ad8e2d185a970c7f2e74eb855d90365fa7af2127023bd19494e7e15ba,0,0,-1,-1,-1,25000,0,7dfab3d62a1ab5d156adcdb705ca2703432295ed45125fa1cffd450c388a4114,9ce1b13f75c80bf270c08315b2922f0f0515a5f89e62e4969004fc15e5988155,Weighted Sum,-1,-1,UNKNOWN,UNKNOWN,0.0,0.0,0.0,-1,UNKNOWN,1201,0,0,1.0,1.0,0.0,0.0,0,0,0,0,0,0,0,0,0,1,0,0,,,1,1,1,25200,25100,25100,1,0,A,0,0,0,0
current_0214,ACTUATOR,pump_degraded,permanent,0.968,0,25600,13700,operating_family_1,development-train,current_profile_0214,static_target,1429,120000,0:0:6000,99bad4e1e84ebf2eb9a67d8fab6bb72b0481f8c7bab292cfa5d31ad98d9fbc77,a13ff1437c38d65faba4eebba751e1a3682230ce4c8aa535688fbe8aa8ad41d7,0,0,-1,-1,-1,25600,0,d74f595723d2a16f76a4502bff38c44578655016cbb1f2909c6080533298cfea,17e7d32e06cbeed56c013c7980f3e88656689d2e950d5c7a8bb9d334e69af548,Weighted Sum,-1,-1,UNKNOWN,UNKNOWN,0.0,0.0,0.0,-1,UNKNOWN,1201,0,0,1.0,1.0,0.0,0.0,0,0,0,0,0,0,0,0,0,1,0,0,,,1,1,1,25800,25700,25700,1,0,A,0,0,0,0
current_0282,SENSOR_CONTROL,sensor_bias,transient,-1.2,0,25900,9700,operating_family_2,development-train,current_profile_0282,static_target,1511,120000,0:0:6000,ba1d3b8ca2bcf79ab13d21ea663110468d89d9eb3a378769829538aab391a4ed,f7944c992722c00885f55254832111107bb78fdaf58feca06383151a4b515cb3,0,0,-1,-1,25900,25900,0.4750518798828125,4421287419afbf55569b162ed8a8da3145dcb1978a6be6a22b59153e3c75c03a,3245a515cc7dfa1c3c2241e4fd55d1ea21ef57e4344e8d4c64ddc9c64239e2b5,Revised CLO-DSF,-1,-1,UNKNOWN,UNKNOWN,0.0,0.0,0.0,-1,UNKNOWN,1201,0,0,0.996048707351,0.996048707351,0.0,0.0,0,0,0,0,0,0,0,0,0,1,0,0,,,1,1,1,26000,25900,25900,1,0,A,0,0,0,0
current_0282,SENSOR_CONTROL,sensor_bias,transient,-1.2,0,25900,9700,operating_family_2,development-train,current_profile_0282,static_target,1511,120000,0:0:6000,ba1d3b8ca2bcf79ab13d21ea663110468d89d9eb3a378769829538aab391a4ed,f7944c992722c00885f55254832111107bb78fdaf58feca06383151a4b515cb3,0,0,-1,-1,25900,25900,0.4750518798828125,4421287419afbf55569b162ed8a8da3145dcb1978a6be6a22b59153e3c75c03a,3245a515cc7dfa1c3c2241e4fd55d1ea21ef57e4344e8d4c64ddc9c64239e2b5,Pre-change CLO-DSF,-1,-1,UNKNOWN,UNKNOWN,0.0,0.0,0.0,-1,UNKNOWN,1201,0,0,0.996048707351,0.996048707351,0.0,0.0,0,0,0,0,0,0,0,0,0,1,0,0,,,1,1,1,26000,25900,25900,1,0,A,0,0,0,0
current_0283,SENSOR_CONTROL,sensor_bias,transient,1.2,0,26200,13700,operating_family_2,development-train,current_profile_0283,authorized_updates,1512,120000,0:0:6000,077939488ab4bf48bef62b7ab9133f3bd3b6cc9775e321c704062621c07b59a5,f1f0da804050840fbba6c5463ab0ab8a67cc3dd5d67a0eb5a0e45740fcad921a,0,0,-1,-1,26200,26200,0.47576904296875,9290ad783a1f3011f5714d33f8a1b36d102fa59e2fff7da5e07fd0d2e169b64e,285416eec3da71073cbd4db3b110301f196c6eec3acf54c42a99c62b819f3880,Revised CLO-DSF,-1,-1,UNKNOWN,UNKNOWN,0.0,0.0,0.0,-1,UNKNOWN,1201,0,0,0.99568281345,0.99568281345,0.0,0.0,0,0,0,0,0,0,0,0,0,1,0,0,,,1,1,1,26300,26200,26200,1,0,A,0,0,0,0
current_0283,SENSOR_CONTROL,sensor_bias,transient,1.2,0,26200,13700,operating_family_2,development-train,current_profile_0283,authorized_updates,1512,120000,0:0:6000,077939488ab4bf48bef62b7ab9133f3bd3b6cc9775e321c704062621c07b59a5,f1f0da804050840fbba6c5463ab0ab8a67cc3dd5d67a0eb5a0e45740fcad921a,0,0,-1,-1,26200,26200,0.47576904296875,9290ad783a1f3011f5714d33f8a1b36d102fa59e2fff7da5e07fd0d2e169b64e,285416eec3da71073cbd4db3b110301f196c6eec3acf54c42a99c62b819f3880,Pre-change CLO-DSF,-1,-1,UNKNOWN,UNKNOWN,0.0,0.0,0.0,-1,UNKNOWN,1201,0,0,0.99568281345,0.99568281345,0.0,0.0,0,0,0,0,0,0,0,0,0,1,0,0,,,1,1,1,26300,26200,26200,1,0,A,0,0,0,0
current_0290,SENSOR_CONTROL,sensor_bias,permanent,-1.2,0,25900,18500,operating_family_2,development-train,current_profile_0290,static_target,1519,120000,0:0:6000,9e7a57890fcabe63e97560f79b834f6def939980c62162cd2578a63cab67411f,d5ea316e90d5b3fc610b6913d3a20c6d88adc67326844b3676bcf52d19fe3cc9,0,0,-1,-1,25900,25900,0.47499847412109375,38be11119d084d9116d5980ce5e1377441ca3e52e65383860de5d8b7e5125997,226bf8a8f7c5414f7746ba6bdcf3c203766568f94b3ba38a8881444120ca0190,Revised CLO-DSF,-1,-1,UNKNOWN,UNKNOWN,0.0,0.0,0.0,-1,UNKNOWN,1201,0,0,0.996048850283,0.996048850283,0.0,0.0,0,0,0,0,0,0,0,0,0,1,0,0,,,1,1,1,26000,25900,25900,1,0,A,0,0,0,0
current_0290,SENSOR_CONTROL,sensor_bias,permanent,-1.2,0,25900,18500,operating_family_2,development-train,current_profile_0290,static_target,1519,120000,0:0:6000,9e7a57890fcabe63e97560f79b834f6def939980c62162cd2578a63cab67411f,d5ea316e90d5b3fc610b6913d3a20c6d88adc67326844b3676bcf52d19fe3cc9,0,0,-1,-1,25900,25900,0.47499847412109375,38be11119d084d9116d5980ce5e1377441ca3e52e65383860de5d8b7e5125997,226bf8a8f7c5414f7746ba6bdcf3c203766568f94b3ba38a8881444120ca0190,Pre-change CLO-DSF,-1,-1,UNKNOWN,UNKNOWN,0.0,0.0,0.0,-1,UNKNOWN,1201,0,0,0.996048850283,0.996048850283,0.0,0.0,0,0,0,0,0,0,0,0,0,1,0,0,,,1,1,1,26000,25900,25900,1,0,A,0,0,0,0
current_0291,SENSOR_CONTROL,sensor_bias,permanent,1.2,0,26200,9700,operating_family_2,development-train,current_profile_0291,authorized_updates,1520,120000,0:0:6000,19eb60a45016642b543595ae7a16579e09fce54bf9534c4e6ef23f37d0a2414d,d759f809d578a4c9010077ac4fbc8434313022f96959b270a5f9f6d9ff6b0fda,0,0,-1,-1,26200,26200,0.4757575988769531,3d8e624b190239625f49fe481f1719d18c4a21642606f1f54244420965a4d8d6,ccad3ad84c15b9cac0289ae8e46a7b4b0eaa99b76d74970bad4984a78c736b64,Revised CLO-DSF,-1,-1,UNKNOWN,UNKNOWN,0.0,0.0,0.0,-1,UNKNOWN,1201,0,0,0.995740254974,0.995740254974,0.0,0.0,0,0,0,0,0,0,0,0,0,1,0,0,,,1,1,1,26300,26200,26200,1,0,A,0,0,0,0
current_0291,SENSOR_CONTROL,sensor_bias,permanent,1.2,0,26200,9700,operating_family_2,development-train,current_profile_0291,authorized_updates,1520,120000,0:0:6000,19eb60a45016642b543595ae7a16579e09fce54bf9534c4e6ef23f37d0a2414d,d759f809d578a4c9010077ac4fbc8434313022f96959b270a5f9f6d9ff6b0fda,0,0,-1,-1,26200,26200,0.4757575988769531,3d8e624b190239625f49fe481f1719d18c4a21642606f1f54244420965a4d8d6,ccad3ad84c15b9cac0289ae8e46a7b4b0eaa99b76d74970bad4984a78c736b64,Pre-change CLO-DSF,-1,-1,UNKNOWN,UNKNOWN,0.0,0.0,0.0,-1,UNKNOWN,1201,0,0,0.995740254974,0.995740254974,0.0,0.0,0,0,0,0,0,0,0,0,0,1,0,0,,,1,1,1,26300,26200,26200,1,0,A,0,0,0,0
current_0294,SENSOR_CONTROL,sensor_interface_intermittent,transient,0.5,0,24700,9700,operating_family_2,development-train,current_profile_0294,static_target,1523,120000,0:0:6000,81d997b74cf85a16a8fe4367ce69cb3b887cb827938a726ee20e47e658ec3b49,878011a6c0177e5089f219cc11dd30660c33b39a2dcef3602b4dd1749a774b79,0,0,-1,-1,24800,24800,0.38958740234375,0f3ae20b6255369133ad0420b1fe4c742f71b763dc947c3b8c735baef9d68dbe,2bf108a78cdcab5657180481f93a57f8bc8510833f50d1aa915985246fda2fe8,Weighted Sum,-1,-1,UNKNOWN,UNKNOWN,0.0,0.0,0.0,-1,UNKNOWN,1201,0,0,1.0,1.0,0.0,0.0,0,0,0,0,0,0,0,0,0,1,0,0,,,1,1,1,24800,24700,24700,1,0,A,0,0,0,0
current_0298,SENSOR_CONTROL,sensor_interface_intermittent,intermittent,0.5,0,25900,13700,operating_family_2,development-train,current_profile_0298,static_target,1527,120000,0:0:6000,4a0fa82ac3d729fef09c873f6ad97cc5291dbc4334246383269d2d27b3353218,94eccc412789bcfd44dda97f2437fc4deccd89836784f445ac45d2503f7d9771,0,0,-1,-1,26000,26000,0.38958740234375,7b467f33b086bdac3f250c1fbe6ed6a7c5c018c014d68d5d59f31b9944b1453d,d84fddc3a76374326bd2f3efd834564a3b5afdafc4ec0ec760e99ed21c2101ce,Weighted Sum,-1,-1,UNKNOWN,UNKNOWN,0.0,0.0,0.0,-1,UNKNOWN,1201,0,0,1.0,1.0,0.0,0.0,0,0,0,0,0,0,0,0,0,1,0,0,,,1,1,1,26000,25900,25900,1,0,A,0,0,0,0
current_0302,SENSOR_CONTROL,sensor_interface_intermittent,permanent,0.5,0,24700,18500,operating_family_2,development-train,current_profile_0302,static_target,1531,120000,0:0:6000,5492808f20f07fef1b17700a30a20480f466c5d6699c34f06f0da026d0b01994,70cea84aff6833db827becab0f7b877fdb6d7e68110518d8192fb9d683bf8fcd,0,0,-1,-1,24800,24800,0.38958740234375,fe51a72c468fb5072da7972d88983fa84167ec328c03f55a49d39976c3ba9a1b,72e55463ac4c493d32852df6fde1ee88111a2f272195d8956486f58a6a263f4e,Weighted Sum,-1,-1,UNKNOWN,UNKNOWN,0.0,0.0,0.0,-1,UNKNOWN,1201,0,0,1.0,1.0,0.0,0.0,0,0,0,0,0,0,0,0,0,1,0,0,,,1,1,1,24800,24700,24700,1,0,A,0,0,0,0
current_0306,COMMUNICATION,delayed_update,transient,100,0,25900,9700,operating_family_2,development-train,current_profile_0306,static_target,1535,120000,0:0:6000,ed95c13d27aef1a07aa595ffcfb3f75e8e5b84d071363a87206cfd151bae408d,a12413119a48cec43e1fc1f242703937e39dd21a33634acf8cfb234a6e07868e,0,0,-1,25900,-1,25900,0,0a6f5be8a5123259a137b4a201097e7eea2a0052149e9b44a2593640f523e528,34d0f2cd23b748726e86ae2678db05b5582013b255f81cad01df1f76872f3e9c,Weighted Sum,-1,-1,UNKNOWN,UNKNOWN,0.0,0.0,0.0,-1,UNKNOWN,1201,0,0,1.0,1.0,0.0,0.0,0,0,0,0,0,0,0,0,0,1,0,0,,,1,1,0,,25900,25900,0,0,A,0,0,0,0
current_0310,COMMUNICATION,delayed_update,intermittent,200,0,24700,13700,operating_family_2,development-train,current_profile_0310,static_target,1539,120000,0:0:6000,c624dbe3f1e6988bbfb03b5d03f60715445dd08f002fe096b7563f2c9c222404,aedb3bf8a5f2cbb89034a6b860951fe85e7a379077629f34a87c74cd35c38bcf,0,0,-1,24700,-1,24700,0,c79ab4e01e38ece8601eadbcf00e952bf561cffb28b3daf326dfec48b3d10736,4726fc83db0080c257d773aca20dbc4b0b9fb98edf98710b0348f0a5a8574248,Weighted Sum,-1,-1,UNKNOWN,UNKNOWN,0.0,0.0,0.0,-1,UNKNOWN,1201,0,0,1.0,1.0,0.0,0.0,0,0,0,0,0,0,0,0,0,1,0,0,,,1,1,0,,24700,24700,0,0,A,0,0,0,0
current_0312,COMMUNICATION,delayed_update,permanent,100,0,25300,9700,operating_family_2,development-train,current_profile_0312,static_target,1541,120000,0:0:6000,672ba5e3a87b22718fdb93331549850b8f0f60895696ed2c761804755966a061,83621171d4159c67523ac0962a0a9ce0dd329fb1c447476767c43efccdc1e8d5,0,0,-1,25300,-1,25300,0,dbde9073549887dea383bfb8c67c36c43b8dceb3b6d7f54ec35dcc7986ddb08d,284c2b90d5b7c5a928bf563429ff4a5427910b261f13b54a73fdbe016cac43ff,Weighted Sum,-1,-1,UNKNOWN,UNKNOWN,0.0,0.0,0.0,-1,UNKNOWN,1201,0,0,1.0,1.0,0.0,0.0,0,0,0,0,0,0,0,0,0,1,0,0,,,1,1,1,49600,25300,25300,1,0,A,0,0,0,0
current_0318,COMMUNICATION,dropped_update,intermittent,1,0,24700,9700,operating_family_2,development-train,current_profile_0318,static_target,1547,120000,0:0:6000,399a66abc55891c6dac66d11197e81c6dcb364209a5e2d5744ae449e31aa27ef,7e5e733cf35cf6ff335aab828fad9ff30bb9504bc49340af6ba29ba32af4ee05,0,0,-1,24700,-1,24700,0,c281a941b9b705e2d2cdf8fa2c5d84434561688d9464903b9b2556f9fbf78b85,d3123089184850e99bb40d0bdc5c7970d9dad5baf1c71d7de988ff73317499e1,Weighted Sum,-1,-1,UNKNOWN,UNKNOWN,0.0,0.0,0.0,-1,UNKNOWN,1201,0,0,1.0,1.0,0.0,0.0,0,0,0,0,0,0,0,0,0,1,0,0,,,1,1,0,,24700,24700,0,0,A,0,0,0,0
current_0324,COMMUNICATION,replayed_sample,transient,100,0,26500,9700,operating_family_2,development-train,current_profile_0324,static_target,1553,120000,0:0:6000,a27a40bc00f71b6da25492ee39045b0833be052fa9a4d673ca4b8de7b8e0e781,746762fb79671d5eb7687b88dffa7aaaae78bd320eae7e3f3f53d22195136ec6,0,0,-1,26500,-1,26500,0,91bdddc7f2e40eb397744c79eab8bb3b05043310caa9acc5799b080cecb3354a,a35cc1f3c1cb93feff2a5acc3cb7749649ba2ed4e886b34e52cf8adefbfd9964,Weighted Sum,-1,-1,UNKNOWN,UNKNOWN,0.0,0.0,0.0,-1,UNKNOWN,1201,0,0,1.0,1.0,0.0,0.0,0,0,0,0,0,0,0,0,0,1,0,0,,,1,1,0,,26500,26500,0,0,A,0,0,0,0
current_0330,COMMUNICATION,replayed_sample,permanent,100,0,25900,9700,operating_family_2,development-train,current_profile_0330,static_target,1559,120000,0:0:6000,5682004a2b4253a09b2ea729094551df4db03855c2430985d609eeea79903b97,c2f20ed38b6020e18a5491de34efbe8f1067377e64d63c70bd5bc6acdb934b6d,0,0,-1,25900,-1,25900,0,7aca775351219fb29298e3adc3499b0656a756dcc41f26a5300b2ba79f0949b3,bb27be05334358df7d18d17d2aa761ca39d386962bd4660f20965c7d2588846b,Weighted Sum,-1,-1,UNKNOWN,UNKNOWN,0.0,0.0,0.0,-1,UNKNOWN,1201,0,0,1.0,1.0,0.0,0.0,0,0,0,0,0,0,0,0,0,1,0,0,,,1,1,1,49600,25900,25900,1,0,A,0,0,0,0
current_0405,SENSOR_CONTROL,sensor_bias,transient,-1.2,0,25900,9700,operating_family_3,development-train,current_profile_0405,authorized_updates,1648,120000,0:0:6000,3742fd83645cccb0ad7224027f2ed0bf5210c97cd695931e22ac33e00b5ad2b5,cf3df1c68d93e59d55f1cf8f578ae54ddcf1cd58cb532de2f0513afd4d8a0369,0,0,-1,-1,25900,25900,0.49105072021484375,790a73367c02600e88f4bbfc16c9c4792c5279d8290651c69f2e220bf5fcf565,7899480b6a5af0608e2a9f6b57d8962c29d54f792b48d1208aefdea9a1daba1f,Revised CLO-DSF,-1,-1,UNKNOWN,UNKNOWN,0.0,0.0,0.0,-1,UNKNOWN,1201,0,0,0.996004017267,0.996004017267,0.0,0.0,0,0,0,0,0,0,0,0,0,1,0,0,,,1,1,1,26000,25900,25900,1,0,A,0,0,0,0
current_0405,SENSOR_CONTROL,sensor_bias,transient,-1.2,0,25900,9700,operating_family_3,development-train,current_profile_0405,authorized_updates,1648,120000,0:0:6000,3742fd83645cccb0ad7224027f2ed0bf5210c97cd695931e22ac33e00b5ad2b5,cf3df1c68d93e59d55f1cf8f578ae54ddcf1cd58cb532de2f0513afd4d8a0369,0,0,-1,-1,25900,25900,0.49105072021484375,790a73367c02600e88f4bbfc16c9c4792c5279d8290651c69f2e220bf5fcf565,7899480b6a5af0608e2a9f6b57d8962c29d54f792b48d1208aefdea9a1daba1f,Pre-change CLO-DSF,-1,-1,UNKNOWN,UNKNOWN,0.0,0.0,0.0,-1,UNKNOWN,1201,0,0,0.996004017267,0.996004017267,0.0,0.0,0,0,0,0,0,0,0,0,0,1,0,0,,,1,1,1,26000,25900,25900,1,0,A,0,0,0,0
current_0406,SENSOR_CONTROL,sensor_bias,transient,1.2,0,26200,13700,operating_family_3,development-train,current_profile_0406,static_target,1649,120000,0:0:6000,68fb3b250519b4e4614d04ac3ee901de488bd1a06c5dd8d3d4556de7ff6157a8,fe781909f39ed658c6918250dd701fe3c10b106bd1da828d7dc8acfdd1d90b05,0,0,-1,-1,26200,26200,0.4807281494140625,e221dc5c0bf36ef8e410a9fa98e8df68aa3bf49ab5e106900f6d2237584bc438,4466365e53992e73f42476cfb8ad5830eed7bcac0b475ac51d19da403eebb4b7,Revised CLO-DSF,-1,-1,UNKNOWN,UNKNOWN,0.0,0.0,0.0,-1,UNKNOWN,1201,0,0,0.996020533858,0.996020533858,0.0,0.0,0,0,0,0,0,0,0,0,0,1,0,0,,,1,1,1,26300,26200,26200,1,0,A,0,0,0,0
current_0406,SENSOR_CONTROL,sensor_bias,transient,1.2,0,26200,13700,operating_family_3,development-train,current_profile_0406,static_target,1649,120000,0:0:6000,68fb3b250519b4e4614d04ac3ee901de488bd1a06c5dd8d3d4556de7ff6157a8,fe781909f39ed658c6918250dd701fe3c10b106bd1da828d7dc8acfdd1d90b05,0,0,-1,-1,26200,26200,0.4807281494140625,e221dc5c0bf36ef8e410a9fa98e8df68aa3bf49ab5e106900f6d2237584bc438,4466365e53992e73f42476cfb8ad5830eed7bcac0b475ac51d19da403eebb4b7,Pre-change CLO-DSF,-1,-1,UNKNOWN,UNKNOWN,0.0,0.0,0.0,-1,UNKNOWN,1201,0,0,0.996020533858,0.996020533858,0.0,0.0,0,0,0,0,0,0,0,0,0,1,0,0,,,1,1,1,26300,26200,26200,1,0,A,0,0,0,0
current_0409,SENSOR_CONTROL,sensor_bias,intermittent,-1.2,0,24700,13700,operating_family_3,development-train,current_profile_0409,authorized_updates,1652,120000,0:0:6000,ba48ffc80aa0a88c1f5bfe95693d482990405705d46321c363241408d23255cd,2e7aeacda452dc176f78cbfa981241fb34aa3baf40d6bb7ac024e5c24154874f,0,0,-1,-1,24700,24700,0.4824028015136719,fceb35285b3b00e215b17032f8741b394681ba1043fe53578005ddea5359ecea,b3b752e461916aecc904a426a0163c95ca49df054114988a2385c824707bbb6b,Revised CLO-DSF,-1,-1,UNKNOWN,UNKNOWN,0.0,0.0,0.0,-1,UNKNOWN,1201,0,0,0.992205094449,0.992205094449,0.0,0.0,0,0,0,0,0,0,0,0,0,1,0,0,,,1,1,1,24800,24700,24700,1,0,A,0,0,0,0
current_0409,SENSOR_CONTROL,sensor_bias,intermittent,-1.2,0,24700,13700,operating_family_3,development-train,current_profile_0409,authorized_updates,1652,120000,0:0:6000,ba48ffc80aa0a88c1f5bfe95693d482990405705d46321c363241408d23255cd,2e7aeacda452dc176f78cbfa981241fb34aa3baf40d6bb7ac024e5c24154874f,0,0,-1,-1,24700,24700,0.4824028015136719,fceb35285b3b00e215b17032f8741b394681ba1043fe53578005ddea5359ecea,b3b752e461916aecc904a426a0163c95ca49df054114988a2385c824707bbb6b,Pre-change CLO-DSF,-1,-1,UNKNOWN,UNKNOWN,0.0,0.0,0.0,-1,UNKNOWN,1201,0,0,0.992205094449,0.992205094449,0.0,0.0,0,0,0,0,0,0,0,0,0,1,0,0,,,1,1,1,24800,24700,24700,1,0,A,0,0,0,0
current_0413,SENSOR_CONTROL,sensor_bias,permanent,-1.2,0,25900,18500,operating_family_3,development-train,current_profile_0413,authorized_updates,1656,120000,0:0:6000,9690ea2f66a48e057ff42901d064eff12198602f88168bc1b27f476ae91cb3a4,bff9dfb747482372ff7a9ca08dc183ea68d670f91ba66e34a3d2eb4048a2759d,0,0,-1,-1,25900,25900,0.4764747619628906,e7b272f59c43a2b6cc5ff3513852b017bab034e2322325df3d85ee72382e8377,bae1b9aaa28783df518b59f7e702432969940de59bb2b82e3a3d5f7da080e4d0,Revised CLO-DSF,-1,-1,UNKNOWN,UNKNOWN,0.0,0.0,0.0,-1,UNKNOWN,1201,0,0,0.996064763383,0.996064763383,0.0,0.0,0,0,0,0,0,0,0,0,0,1,0,0,,,1,1,1,26000,25900,25900,1,0,A,0,0,0,0
current_0413,SENSOR_CONTROL,sensor_bias,permanent,-1.2,0,25900,18500,operating_family_3,development-train,current_profile_0413,authorized_updates,1656,120000,0:0:6000,9690ea2f66a48e057ff42901d064eff12198602f88168bc1b27f476ae91cb3a4,bff9dfb747482372ff7a9ca08dc183ea68d670f91ba66e34a3d2eb4048a2759d,0,0,-1,-1,25900,25900,0.4764747619628906,e7b272f59c43a2b6cc5ff3513852b017bab034e2322325df3d85ee72382e8377,bae1b9aaa28783df518b59f7e702432969940de59bb2b82e3a3d5f7da080e4d0,Pre-change CLO-DSF,-1,-1,UNKNOWN,UNKNOWN,0.0,0.0,0.0,-1,UNKNOWN,1201,0,0,0.996064763383,0.996064763383,0.0,0.0,0,0,0,0,0,0,0,0,0,1,0,0,,,1,1,1,26000,25900,25900,1,0,A,0,0,0,0
current_0414,SENSOR_CONTROL,sensor_bias,permanent,1.2,0,26200,9700,operating_family_3,development-train,current_profile_0414,static_target,1657,120000,0:0:6000,8d8afdfcf9ef130c7154abbedff1c47cba18fd5be39e0d4d77765ad75674c8fe,74a95baef10fc8046fcb24e5be64c63e98223e62c5cdb005c9c12f6d5c548f67,0,0,-1,-1,26200,26200,0.480743408203125,8774600de7f7db0f68e1cf8a4d95e937c574641fcaf5810cd273f982493932a3,a91e1aab5307dd1be0d65bd9ea00c33949f8489dcca36241b389b1ed9f60311f,Revised CLO-DSF,-1,-1,UNKNOWN,UNKNOWN,0.0,0.0,0.0,-1,UNKNOWN,1201,0,0,0.996019310995,0.996019310995,0.0,0.0,0,0,0,0,0,0,0,0,0,1,0,0,,,1,1,1,26300,26200,26200,1,0,A,0,0,0,0
current_0414,SENSOR_CONTROL,sensor_bias,permanent,1.2,0,26200,9700,operating_family_3,development-train,current_profile_0414,static_target,1657,120000,0:0:6000,8d8afdfcf9ef130c7154abbedff1c47cba18fd5be39e0d4d77765ad75674c8fe,74a95baef10fc8046fcb24e5be64c63e98223e62c5cdb005c9c12f6d5c548f67,0,0,-1,-1,26200,26200,0.480743408203125,8774600de7f7db0f68e1cf8a4d95e937c574641fcaf5810cd273f982493932a3,a91e1aab5307dd1be0d65bd9ea00c33949f8489dcca36241b389b1ed9f60311f,Pre-change CLO-DSF,-1,-1,UNKNOWN,UNKNOWN,0.0,0.0,0.0,-1,UNKNOWN,1201,0,0,0.996019310995,0.996019310995,0.0,0.0,0,0,0,0,0,0,0,0,0,1,0,0,,,1,1,1,26300,26200,26200,1,0,A,0,0,0,0
current_0430,COMMUNICATION,delayed_update,transient,200,0,26200,13700,operating_family_3,development-train,current_profile_0430,static_target,1673,120000,0:0:6000,448b89ee6f221d97d59ceeac8410f92027e10a90aa320323f1e75d4d454533bf,5665317ed1101ce299ed9a82cdb94fe22b84338af4b04a0da91a4f53d83c0945,0,0,-1,26200,-1,26200,0,75cba6f8bf58e8975c427c7546dbde1f13e5f326d6a082560aadcc2a43ff5b83,86e5c406f92ac3c0664c7a3da6b08d6a44fa0ee906135f29e39764a0a26ce1ce,Weighted Sum,-1,-1,UNKNOWN,UNKNOWN,0.0,0.0,0.0,-1,UNKNOWN,1201,0,0,1.0,1.0,0.0,0.0,0,0,0,0,0,0,0,0,0,1,0,0,,,1,1,0,,26200,26200,0,0,A,0,0,0,0
current_0432,COMMUNICATION,delayed_update,intermittent,100,0,26800,9700,operating_family_3,development-train,current_profile_0432,static_target,1675,120000,0:0:6000,812829e9f1510db97329b4127fbbbfb6677fe841e72a46c54101055589e43a33,93c15dfe8092f5c0f2a6c5250d552a27a6ff086d84cec71b8e03e65e7890b8d9,0,0,-1,26800,-1,26800,0,ad13091c12512a4d110d3d34ee8ead4bbf24588fd01f5b16f91a63949e1aba1d,658d3030bbd5f76d97f3261362f434bde7385c14c0828bacda55ec64d3d03331,Weighted Sum,-1,-1,UNKNOWN,UNKNOWN,0.0,0.0,0.0,-1,UNKNOWN,1201,0,0,1.0,1.0,0.0,0.0,0,0,0,0,0,0,0,0,0,1,0,0,,,1,1,0,,26800,26800,0,0,A,0,0,0,0
current_0436,COMMUNICATION,delayed_update,permanent,200,0,25600,13700,operating_family_3,development-train,current_profile_0436,static_target,1679,120000,0:0:6000,bceb979e6665bf441bcd27914805bf3cf7c296433c49c4cffbec9c89fc392d30,00e0533bf3b486f2f08ac220d4383e03a5efc8a3c6769a01a75f7696f102dc0e,0,0,-1,25600,-1,25600,0,761a110db48fc636750b59214cbcc5900e1a4e4827ea47dc2f0365896812e7f7,b16650032a011a27e92bb73cf52459cc1baadda92b3eb664479cc1120bc0c9a2,Weighted Sum,-1,-1,UNKNOWN,UNKNOWN,0.0,0.0,0.0,-1,UNKNOWN,1201,0,0,1.0,1.0,0.0,0.0,0,0,0,0,0,0,0,0,0,1,0,0,,,1,1,1,49900,25600,25600,1,0,A,0,0,0,0
current_0438,COMMUNICATION,dropped_update,transient,1,0,26200,9700,operating_family_3,development-train,current_profile_0438,static_target,1681,120000,0:0:6000,5cbca201f1c15c560f6b03ca86dbe3c7a95bfc08539ec78748e664a2e85cc95d,d294eeb308c21d384f9ec8c45e440ae4f7f4e28be97ef51f6643259375b1f4ca,0,0,-1,26200,-1,26200,0,dfe0a868b204d459758419bd8ae886a3423123f79f36314b31cf0f5185d887c0,cb50aec2d5f395ed91280af9896f004328f21af1730f3c800c4c1493f56f0fc3,Weighted Sum,-1,-1,UNKNOWN,UNKNOWN,0.0,0.0,0.0,-1,UNKNOWN,1201,0,0,1.0,1.0,0.0,0.0,0,0,0,0,0,0,0,0,0,1,0,0,,,1,1,0,,26200,26200,0,0,A,0,0,0,0
current_0444,COMMUNICATION,dropped_update,permanent,1,0,25600,9700,operating_family_3,development-train,current_profile_0444,static_target,1687,120000,0:0:6000,c5728d7dd257fb958983f341e225e43991db70708b5ebdd6b223b56fc2b72833,c4048f4d3761120a6823c02343646e7ac061d466f70871f7d39820e3e01d2b3b,0,0,-1,25600,-1,25600,0,c44c8769132cca3b71cf9a7ba75bca0b6e47a0a88f68773db6291f31757df0ec,e749de5094a4b75e955355b42977db56d7711578c74f384d29769d3bfcbaa181,Weighted Sum,-1,-1,UNKNOWN,UNKNOWN,0.0,0.0,0.0,-1,UNKNOWN,1201,0,0,1.0,1.0,0.0,0.0,0,0,0,0,0,0,0,0,0,1,0,0,,,1,1,0,,25600,25600,0,0,A,0,0,0,0
current_0450,COMMUNICATION,replayed_sample,intermittent,100,0,25000,9700,operating_family_3,development-train,current_profile_0450,static_target,1693,120000,0:0:6000,b716b7102b403096953014892d31084f0a1a31aa5804e1131dba12b02d377588,2e9e16208b5a1f19b9031bed549ad526b344b9de0c558042cf5d869b036d3738,0,0,-1,25000,-1,25000,0,74846dff25fe1ae2d8175cdaae19372db95e576985f4e8582023a61100fb4fe1,520a65568cbae888869cbf59eaec65173e43cdccbbecbc06221e953035602a85,Weighted Sum,-1,-1,UNKNOWN,UNKNOWN,0.0,0.0,0.0,-1,UNKNOWN,1201,0,0,1.0,1.0,0.0,0.0,0,0,0,0,0,0,0,0,0,1,0,0,,,1,1,0,,25000,25000,0,0,A,0,0,0,0
current_0456,ACTUATOR,pump_degraded,transient,0.968,0,26800,9700,operating_family_3,development-train,current_profile_0456,static_target,1699,120000,0:0:6000,dd167462662552e9f31f8cf41e70105891422fd66fd09e8bbace3c28a9c47c10,fb521d5bb73098610e8b21126471a6f18f67180523127988f5d4f14c076dd41f,0,0,-1,-1,-1,26800,0,3428ff224d3122c5115606f346e484abd6888d41d41f0368f56461a2325c0472,0b127a7860edd35bed23ae0e540e882fd1cdc8b6fec717738615247de75e585f,Weighted Sum,-1,-1,UNKNOWN,UNKNOWN,0.0,0.0,0.0,-1,UNKNOWN,1201,0,0,1.0,1.0,0.0,0.0,0,0,0,0,0,0,0,0,0,1,0,0,,,1,1,1,26900,26900,26900,1,0,A,0,0,0,0
current_0458,ACTUATOR,pump_degraded,intermittent,0.968,0,25000,18500,operating_family_3,development-train,current_profile_0458,static_target,1701,120000,0:0:6000,a6f811801bacfe52ad282efc9ed7b5c90e0455d56238f15625bf3c29d5f08c05,f5f1bf8537729fcf394905532022dc1c364578748e597cae5f1f2b001d67f9d1,0,0,-1,-1,-1,25000,0,ad619e9dcac502b51b69b5f97b4b785898639278b2a3051407dbaa4af38dcce5,0daab999c577a0d442a420d0065980856c194f458c1d61b0a20c2231ba09f364,Weighted Sum,-1,-1,UNKNOWN,UNKNOWN,0.0,0.0,0.0,-1,UNKNOWN,1201,0,0,1.0,1.0,0.0,0.0,0,0,0,0,0,0,0,0,0,1,0,0,,,1,1,1,25100,25100,25100,1,0,A,0,0,0,0
current_0460,ACTUATOR,pump_degraded,permanent,0.968,0,25600,13700,operating_family_3,development-train,current_profile_0460,static_target,1703,120000,0:0:6000,bbda0e18375a7c3cffd27a2c869c749296ead62d798d0dd4c27cf8096703f9c2,e53e91c54653be6c7c8f0cff7c3c859366fc56d2c6be535c60a8896a6781ce26,0,0,-1,-1,-1,25600,0,6db154401972efb0fabf52166c87c78954f698c083466388d6f89a059132d15d,6d4e222aabc9f8c85d544a8ade8ad4210868cba104a7953aa4b9589382a00f49,Weighted Sum,-1,-1,UNKNOWN,UNKNOWN,0.0,0.0,0.0,-1,UNKNOWN,1201,0,0,1.0,1.0,0.0,0.0,0,0,0,0,0,0,0,0,0,1,0,0,,,1,1,1,25700,25700,25700,1,0,A,0,0,0,0
current_0528,SENSOR_CONTROL,sensor_bias,transient,-1.2,0,25900,9700,operating_family_4,development-validation,current_profile_0528,static_target,1785,120000,0:0:6000,7b34c2a06347a9bbc2dd81aa62331b13e0cce344c04ad09c9095a8f9a117ab1c,68435623735e6cac3c5cbd57af55c9f27b1ffc2fd8f449a6292add21a54e614d,0,0,-1,-1,25900,25900,0.47613525390625,941e09d5c36b138f1b20b31a39e389522ba362bb1de02144842711d29b79353e,f74950706304d2c2c993458ade4723f4ace8277165a60fe776782ebced39c965,Revised CLO-DSF,-1,-1,UNKNOWN,UNKNOWN,0.0,0.0,0.0,-1,UNKNOWN,1201,0,0,0.996043586789,0.996043586789,0.0,0.0,0,0,0,0,0,0,0,0,0,1,0,0,,,1,1,1,26000,25900,25900,1,0,A,0,0,0,0
current_0528,SENSOR_CONTROL,sensor_bias,transient,-1.2,0,25900,9700,operating_family_4,development-validation,current_profile_0528,static_target,1785,120000,0:0:6000,7b34c2a06347a9bbc2dd81aa62331b13e0cce344c04ad09c9095a8f9a117ab1c,68435623735e6cac3c5cbd57af55c9f27b1ffc2fd8f449a6292add21a54e614d,0,0,-1,-1,25900,25900,0.47613525390625,941e09d5c36b138f1b20b31a39e389522ba362bb1de02144842711d29b79353e,f74950706304d2c2c993458ade4723f4ace8277165a60fe776782ebced39c965,Pre-change CLO-DSF,-1,-1,UNKNOWN,UNKNOWN,0.0,0.0,0.0,-1,UNKNOWN,1201,0,0,0.996043586789,0.996043586789,0.0,0.0,0,0,0,0,0,0,0,0,0,1,0,0,,,1,1,1,26000,25900,25900,1,0,A,0,0,0,0
current_0529,SENSOR_CONTROL,sensor_bias,transient,1.2,0,26200,13700,operating_family_4,development-validation,current_profile_0529,authorized_updates,1786,120000,0:0:6000,4bab8619734ee2138a7d3222ad9c95d74333950dc2f34526dd53e90433f79972,3537b889805597d359feb469cee43608571faacbed52c0cfa34ee454c7098d21,0,0,-1,-1,26200,26200,0.4788703918457031,d69120f274c70220a232be924873b702fb2c3e6fe6301554ae8171d387bf550d,c34f39292ef5768f68c85d12da31ab725911c2bda2b716d60115ef933a1b2085,Revised CLO-DSF,-1,-1,UNKNOWN,UNKNOWN,0.0,0.0,0.0,-1,UNKNOWN,1201,0,0,0.996033596784,0.996033596784,0.0,0.0,0,0,0,0,0,0,0,0,0,1,0,0,,,1,1,1,26300,26200,26200,1,0,A,0,0,0,0
current_0529,SENSOR_CONTROL,sensor_bias,transient,1.2,0,26200,13700,operating_family_4,development-validation,current_profile_0529,authorized_updates,1786,120000,0:0:6000,4bab8619734ee2138a7d3222ad9c95d74333950dc2f34526dd53e90433f79972,3537b889805597d359feb469cee43608571faacbed52c0cfa34ee454c7098d21,0,0,-1,-1,26200,26200,0.4788703918457031,d69120f274c70220a232be924873b702fb2c3e6fe6301554ae8171d387bf550d,c34f39292ef5768f68c85d12da31ab725911c2bda2b716d60115ef933a1b2085,Pre-change CLO-DSF,-1,-1,UNKNOWN,UNKNOWN,0.0,0.0,0.0,-1,UNKNOWN,1201,0,0,0.996033596784,0.996033596784,0.0,0.0,0,0,0,0,0,0,0,0,0,1,0,0,,,1,1,1,26300,26200,26200,1,0,A,0,0,0,0
current_0536,SENSOR_CONTROL,sensor_bias,permanent,-1.2,0,25900,18500,operating_family_4,development-validation,current_profile_0536,static_target,1793,120000,0:0:6000,41923f926ced17ec7917aa0bdbaaca2d61299a4e6cb845f224e159ad5b58c924,933d843ece56d55be28bda80a06bd95d911e3db90e134a07c8043e0a6a5ca23b,0,0,-1,-1,25900,25900,0.4751014709472656,442c5fa7062ea6ad1f3e5b63d33152f10d2aafab7face3886cba48bd6c25f42d,d285e40cb55a26d914dad0017977d6869b47a3041cee38592e2b3c80b95723a2,Revised CLO-DSF,-1,-1,UNKNOWN,UNKNOWN,0.0,0.0,0.0,-1,UNKNOWN,1201,0,0,0.996051888282,0.996051888282,0.0,0.0,0,0,0,0,0,0,0,0,0,1,0,0,,,1,1,1,26000,25900,25900,1,0,A,0,0,0,0
current_0536,SENSOR_CONTROL,sensor_bias,permanent,-1.2,0,25900,18500,operating_family_4,development-validation,current_profile_0536,static_target,1793,120000,0:0:6000,41923f926ced17ec7917aa0bdbaaca2d61299a4e6cb845f224e159ad5b58c924,933d843ece56d55be28bda80a06bd95d911e3db90e134a07c8043e0a6a5ca23b,0,0,-1,-1,25900,25900,0.4751014709472656,442c5fa7062ea6ad1f3e5b63d33152f10d2aafab7face3886cba48bd6c25f42d,d285e40cb55a26d914dad0017977d6869b47a3041cee38592e2b3c80b95723a2,Pre-change CLO-DSF,-1,-1,UNKNOWN,UNKNOWN,0.0,0.0,0.0,-1,UNKNOWN,1201,0,0,0.996051888282,0.996051888282,0.0,0.0,0,0,0,0,0,0,0,0,0,1,0,0,,,1,1,1,26000,25900,25900,1,0,A,0,0,0,0
current_0537,SENSOR_CONTROL,sensor_bias,permanent,1.2,0,26200,9700,operating_family_4,development-validation,current_profile_0537,authorized_updates,1794,120000,0:0:6000,2cb716a3ff49e4d8a0ffc98bc4bddb7222940f2da4fb6bc7c6eb3dc77db9e014,7a3586b77c85a7d0e2b2c69434b0b5e106fbed1c9f7c2bcb7a355773658a0251,0,0,-1,-1,26200,26200,0.47888946533203125,a6d61c2439722ae4069e9ed0d18a0f981dcf1323e1e2140364f091a288ae6483,86b55838f587253a49e1fa74f51b975dd6021a4ef6440309a32c7fd9afc11c93,Revised CLO-DSF,-1,-1,UNKNOWN,UNKNOWN,0.0,0.0,0.0,-1,UNKNOWN,1201,0,0,0.996073438817,0.996073438817,0.0,0.0,0,0,0,0,0,0,0,0,0,1,0,0,,,1,1,1,26300,26200,26200,1,0,A,0,0,0,0
current_0537,SENSOR_CONTROL,sensor_bias,permanent,1.2,0,26200,9700,operating_family_4,development-validation,current_profile_0537,authorized_updates,1794,120000,0:0:6000,2cb716a3ff49e4d8a0ffc98bc4bddb7222940f2da4fb6bc7c6eb3dc77db9e014,7a3586b77c85a7d0e2b2c69434b0b5e106fbed1c9f7c2bcb7a355773658a0251,0,0,-1,-1,26200,26200,0.47888946533203125,a6d61c2439722ae4069e9ed0d18a0f981dcf1323e1e2140364f091a288ae6483,86b55838f587253a49e1fa74f51b975dd6021a4ef6440309a32c7fd9afc11c93,Pre-change CLO-DSF,-1,-1,UNKNOWN,UNKNOWN,0.0,0.0,0.0,-1,UNKNOWN,1201,0,0,0.996073438817,0.996073438817,0.0,0.0,0,0,0,0,0,0,0,0,0,1,0,0,,,1,1,1,26300,26200,26200,1,0,A,0,0,0,0
current_0540,SENSOR_CONTROL,sensor_interface_intermittent,transient,0.5,0,24700,9700,operating_family_4,development-validation,current_profile_0540,static_target,1797,120000,0:0:6000,1f71abeccba27e21a38d9047c9383be7483c69b0b40b2d56f828119311f587d6,a10c9437a81f044e463afb5cc71e0a350ad0c1ed37b2949fa70fcd6c41d71c18,0,0,-1,-1,24800,24800,0.3798332214355469,1a268663390945da08180fe7ac35a2718bc21405c688cea8fb86c52ded8ba5f3,1669938f7d2c95e77406e3e6392e0f552126655026f78eef93ea8bcd69e9fb38,Weighted Sum,-1,-1,UNKNOWN,UNKNOWN,0.0,0.0,0.0,-1,UNKNOWN,1201,0,0,1.0,1.0,0.0,0.0,0,0,0,0,0,0,0,0,0,1,0,0,,,1,1,1,25600,24700,24700,1,0,A,0,0,0,0
current_0544,SENSOR_CONTROL,sensor_interface_intermittent,intermittent,0.5,0,25900,13700,operating_family_4,development-validation,current_profile_0544,static_target,1801,120000,0:0:6000,0c530a19100442b3746be49296fbc576fbaf649b4e1ebd2c309d8d4bfe51f8a9,a883c047eac00aef143fd697c319a5826c7d42150a7bc99ac38982507b65d270,0,0,-1,-1,26000,26000,0.379791259765625,3e04960f4215e8b12f98cf5085cb1754f587f3813ea8076c631c9cc4a8cf7b95,d092fcc7810d620299424ca9d4638d275ce396168214e29f54481a23b8f29fb9,Weighted Sum,-1,-1,UNKNOWN,UNKNOWN,0.0,0.0,0.0,-1,UNKNOWN,1201,0,0,1.0,1.0,0.0,0.0,0,0,0,0,0,0,0,0,0,1,0,0,,,1,1,1,26800,25900,25900,1,0,A,0,0,0,0
current_0548,SENSOR_CONTROL,sensor_interface_intermittent,permanent,0.5,0,24700,18500,operating_family_4,development-validation,current_profile_0548,static_target,1805,120000,0:0:6000,8d2860aadf725a7c8523f4120077bf4e415f2b7724d1d6fb6543f40cea56f8fb,79d24caac669cb601b0fb1faadd27e964cf645b7f0ff96de5ac4c459afda1ef9,0,0,-1,-1,24800,24800,0.3798370361328125,2cb274b51287a5e4b056620375f7520d06fce83151f87e93f08d634600d92bb2,8bf64a4e7437b3f98875e4ec7b55318ed78cc0c63a53b252d1ffa6ec72d73958,Weighted Sum,-1,-1,UNKNOWN,UNKNOWN,0.0,0.0,0.0,-1,UNKNOWN,1201,0,0,1.0,1.0,0.0,0.0,0,0,0,0,0,0,0,0,0,1,0,0,,,1,1,1,25600,24700,24700,1,0,A,0,0,0,0
current_0552,COMMUNICATION,delayed_update,transient,100,0,25900,9700,operating_family_4,development-validation,current_profile_0552,static_target,1809,120000,0:0:6000,93e9bd53d8c15c30649b57ac3be4d2f757eed0dc2817eaf32f037da991a62f9f,2f21b695bbabc1c6a74ab9b67190e2d74b8b6887f56a2943c9b6593970ce5ca1,0,0,-1,25900,-1,25900,0,cd5e7ea37904d802264320d8746acbec7900152d984a97544d72d7cf3132862f,d18390500b4bb82a178235f38f9fd570976ee4b9f8c6572a6b2358195626d1ed,Weighted Sum,-1,-1,UNKNOWN,UNKNOWN,0.0,0.0,0.0,-1,UNKNOWN,1201,0,0,1.0,1.0,0.0,0.0,0,0,0,0,0,0,0,0,0,1,0,0,,,1,1,0,,25900,25900,0,0,A,0,0,0,0
current_0556,COMMUNICATION,delayed_update,intermittent,200,0,24700,13700,operating_family_4,development-validation,current_profile_0556,static_target,1813,120000,0:0:6000,52e4be94b3c886d792a6f35a1287d65aefc7b8e852e28895d32e34e33238f07f,591e1aad1b038bc488c9104fb15ca8aacd67817251d3f946ae276281d1eacef6,0,0,-1,24700,-1,24700,0,30f7d18b933f02431681b4bcc361e6645c97495f6bfbd3264bf3e0a530d57621,48800141d214a89d1683dec178433179dcfe510f058a18aeb1240578da08a7b3,Weighted Sum,-1,-1,UNKNOWN,UNKNOWN,0.0,0.0,0.0,-1,UNKNOWN,1201,0,0,1.0,1.0,0.0,0.0,0,0,0,0,0,0,0,0,0,1,0,0,,,1,1,0,,24700,24700,0,0,A,0,0,0,0
current_0558,COMMUNICATION,delayed_update,permanent,100,0,25300,9700,operating_family_4,development-validation,current_profile_0558,static_target,1815,120000,0:0:6000,745ed6bb294c3077ca08d5e0041b5c281b0589dcadb59b4f371d8313d579f603,d7271a6de8e3cc64ebecb669025f4559397c995387125bb023825921739f8152,0,0,-1,25300,-1,25300,0,3533f62e2a6d4af7f222345edccd16bc9c453ddb74a65795c016b99c65407df7,14dbbd05454abbf4ac377987470e235f684f8ac71913cde64b2b98e44d4cdc7b,Weighted Sum,-1,-1,UNKNOWN,UNKNOWN,0.0,0.0,0.0,-1,UNKNOWN,1201,0,0,1.0,1.0,0.0,0.0,0,0,0,0,0,0,0,0,0,1,0,0,,,1,1,1,52100,25300,25300,1,0,A,0,0,0,0
current_0564,COMMUNICATION,dropped_update,intermittent,1,0,24700,9700,operating_family_4,development-validation,current_profile_0564,static_target,1821,120000,0:0:6000,8ea6b48b079bcdbf4363bd67912d1693d68b69907130bd04aad1a19501d3dc26,6e5eccad2995b640d2749d5117cb03d80e7091f69fed66908ab9c856af834df9,0,0,-1,24700,-1,24700,0,ed966c349a3829d47c6927ca74947fb5b00ab2ff4950e25ad49d1ce411fcb593,6094483b5ea1f4fa223e2e1a2b7e342bedda6b19f21a77f4c929ea93a4b4a98a,Weighted Sum,-1,-1,UNKNOWN,UNKNOWN,0.0,0.0,0.0,-1,UNKNOWN,1201,0,0,1.0,1.0,0.0,0.0,0,0,0,0,0,0,0,0,0,1,0,0,,,1,1,0,,24700,24700,0,0,A,0,0,0,0
current_0570,COMMUNICATION,replayed_sample,transient,100,0,26500,9700,operating_family_4,development-validation,current_profile_0570,static_target,1827,120000,0:0:6000,d787b21eee6864fac4c18317409d254d48e8c57ca0c5d6b4b9266b5cb2fae7f8,691d35c4d857c1c12142a09c62b8c5868b5a66af937d94715bbf1845a63cbedd,0,0,-1,26500,-1,26500,0,89e7bbe1c51fb3007e504870edc362bd9f2e7e8d21a84d5110dcc4bb7d74009f,b56d874d150cff8a802bc40cb89d5a8437fea8e0d6f29b9b06ad194cdd675312,Weighted Sum,-1,-1,UNKNOWN,UNKNOWN,0.0,0.0,0.0,-1,UNKNOWN,1201,0,0,1.0,1.0,0.0,0.0,0,0,0,0,0,0,0,0,0,1,0,0,,,1,1,0,,26500,26500,0,0,A,0,0,0,0
current_0576,COMMUNICATION,replayed_sample,permanent,100,0,25900,9700,operating_family_4,development-validation,current_profile_0576,static_target,1833,120000,0:0:6000,19dd9f499167bd23b9982812e9bc725ecec5ddbe5dce4b4908f25602048a2bd1,6ce84d9eb754b05378eca42e5210498efae05c2f97bb9c94e8590f82cfec61f1,0,0,-1,25900,-1,25900,0,e455d895adef54577a2122035fcb25c6d8e8d7571516c4348575b554fbc72b63,a511cf013b28f65e9ad5d4a0b9beab89854396b4f2f99dd131de07bffe560245,Weighted Sum,-1,-1,UNKNOWN,UNKNOWN,0.0,0.0,0.0,-1,UNKNOWN,1201,0,0,1.0,1.0,0.0,0.0,0,0,0,0,0,0,0,0,0,1,0,0,,,1,1,1,52000,25900,25900,1,0,A,0,0,0,0
current_0651,SENSOR_CONTROL,sensor_bias,transient,-1.2,0,25900,9700,operating_family_5,development-validation,current_profile_0651,authorized_updates,1922,120000,0:0:6000,ecc0cf1c2c6706562565f9186fc8db937532c2f7fdd6c38a5b427016a6d9629f,dc23a0869cd7e85d9cfd7d7405fd1730338cc4b89d5c5fabbda2d87078dda00e,0,0,-1,-1,25900,25900,0.4805030822753906,87224816cbaa313a817423ee197ab6bd7e30c802503d5d554d8895c407b1cc4b,197abca53332ef7e33cb84e42b69be5681ac80e800abe64edc46aa7381f60acc,Revised CLO-DSF,-1,-1,UNKNOWN,UNKNOWN,0.0,0.0,0.0,-1,UNKNOWN,1201,0,0,0.994506119581,0.994506119581,0.0,0.0,0,0,0,0,0,0,0,0,0,1,0,0,,,1,1,1,26000,25900,25900,1,0,A,0,0,0,0
current_0651,SENSOR_CONTROL,sensor_bias,transient,-1.2,0,25900,9700,operating_family_5,development-validation,current_profile_0651,authorized_updates,1922,120000,0:0:6000,ecc0cf1c2c6706562565f9186fc8db937532c2f7fdd6c38a5b427016a6d9629f,dc23a0869cd7e85d9cfd7d7405fd1730338cc4b89d5c5fabbda2d87078dda00e,0,0,-1,-1,25900,25900,0.4805030822753906,87224816cbaa313a817423ee197ab6bd7e30c802503d5d554d8895c407b1cc4b,197abca53332ef7e33cb84e42b69be5681ac80e800abe64edc46aa7381f60acc,Pre-change CLO-DSF,-1,-1,UNKNOWN,UNKNOWN,0.0,0.0,0.0,-1,UNKNOWN,1201,0,0,0.994506119581,0.994506119581,0.0,0.0,0,0,0,0,0,0,0,0,0,1,0,0,,,1,1,1,26000,25900,25900,1,0,A,0,0,0,0
current_0652,SENSOR_CONTROL,sensor_bias,transient,1.2,0,26200,13700,operating_family_5,development-validation,current_profile_0652,static_target,1923,120000,0:0:6000,d2f395b441a3a148a93eb8913b8dea347b54cc59250f795321a357891a3442d8,61ca03e3d1f737a0ac93c8b77cecc4da4b013a14edbb23bf73b239a93ad6f06f,0,0,-1,-1,26200,26200,0.4753990173339844,bdbdededa24233832653d495b9d10734eef16e301dbf949ba587cef5076ab177,6660a00e5f5a9fe2397b9c51732cd6d0dba3fd57bf6625c0759c3e68d99f310c,Revised CLO-DSF,-1,-1,UNKNOWN,UNKNOWN,0.0,0.0,0.0,-1,UNKNOWN,1201,0,0,0.996012291444,0.996012291444,0.0,0.0,0,0,0,0,0,0,0,0,0,1,0,0,,,1,1,1,26300,26200,26200,1,0,A,0,0,0,0
current_0652,SENSOR_CONTROL,sensor_bias,transient,1.2,0,26200,13700,operating_family_5,development-validation,current_profile_0652,static_target,1923,120000,0:0:6000,d2f395b441a3a148a93eb8913b8dea347b54cc59250f795321a357891a3442d8,61ca03e3d1f737a0ac93c8b77cecc4da4b013a14edbb23bf73b239a93ad6f06f,0,0,-1,-1,26200,26200,0.4753990173339844,bdbdededa24233832653d495b9d10734eef16e301dbf949ba587cef5076ab177,6660a00e5f5a9fe2397b9c51732cd6d0dba3fd57bf6625c0759c3e68d99f310c,Pre-change CLO-DSF,-1,-1,UNKNOWN,UNKNOWN,0.0,0.0,0.0,-1,UNKNOWN,1201,0,0,0.996012291444,0.996012291444,0.0,0.0,0,0,0,0,0,0,0,0,0,1,0,0,,,1,1,1,26300,26200,26200,1,0,A,0,0,0,0
current_0659,SENSOR_CONTROL,sensor_bias,permanent,-1.2,0,25900,18500,operating_family_5,development-validation,current_profile_0659,authorized_updates,1930,120000,0:0:6000,fd3d1818786a90f6dd513b713da6056d45b9b4a67abbeede35d277ff4e7f63a3,5583f5540f42a4fc13395d54359a32d23d87c7bc23560388af3fce409e2a7da2,0,0,-1,-1,25900,25900,0.47501373291015625,fba72b26edac5f9e43d9f87f3eeafae01d2053c19ba98861ba0e709d26dabd18,3ddffebcafb6dabcc8832660847a0114756cbb710e6df4b2e2ff06b24f96b1f4,Revised CLO-DSF,-1,-1,UNKNOWN,UNKNOWN,0.0,0.0,0.0,-1,UNKNOWN,1201,0,0,0.994519493416,0.994519493416,0.0,0.0,0,0,0,0,0,0,0,0,0,1,0,0,,,1,1,1,26000,25900,25900,1,0,A,0,0,0,0
current_0659,SENSOR_CONTROL,sensor_bias,permanent,-1.2,0,25900,18500,operating_family_5,development-validation,current_profile_0659,authorized_updates,1930,120000,0:0:6000,fd3d1818786a90f6dd513b713da6056d45b9b4a67abbeede35d277ff4e7f63a3,5583f5540f42a4fc13395d54359a32d23d87c7bc23560388af3fce409e2a7da2,0,0,-1,-1,25900,25900,0.47501373291015625,fba72b26edac5f9e43d9f87f3eeafae01d2053c19ba98861ba0e709d26dabd18,3ddffebcafb6dabcc8832660847a0114756cbb710e6df4b2e2ff06b24f96b1f4,Pre-change CLO-DSF,-1,-1,UNKNOWN,UNKNOWN,0.0,0.0,0.0,-1,UNKNOWN,1201,0,0,0.994519493416,0.994519493416,0.0,0.0,0,0,0,0,0,0,0,0,0,1,0,0,,,1,1,1,26000,25900,25900,1,0,A,0,0,0,0
current_0660,SENSOR_CONTROL,sensor_bias,permanent,1.2,0,26200,9700,operating_family_5,development-validation,current_profile_0660,static_target,1931,120000,0:0:6000,4280c00a73b5f9d9e68231e59e9889552a7aec0b3b295aedf63b5129e76f0b81,879c55f52b109a7dedcdbd6e5dee94d272e2c9c6355ac611a32e6f7361782e52,0,0,-1,-1,26200,26200,0.4753990173339844,183a8258aa1fccaf87f88e79e89c865502524eadcee50d07127f69cd2eeb437a,93fc5df7a7059ad761517c0bd6484d08c9d56c38e0a08ebcdd8e010de21cea2c,Revised CLO-DSF,-1,-1,UNKNOWN,UNKNOWN,0.0,0.0,0.0,-1,UNKNOWN,1201,0,0,0.996011275039,0.996011275039,0.0,0.0,0,0,0,0,0,0,0,0,0,1,0,0,,,1,1,1,26300,26200,26200,1,0,A,0,0,0,0
current_0660,SENSOR_CONTROL,sensor_bias,permanent,1.2,0,26200,9700,operating_family_5,development-validation,current_profile_0660,static_target,1931,120000,0:0:6000,4280c00a73b5f9d9e68231e59e9889552a7aec0b3b295aedf63b5129e76f0b81,879c55f52b109a7dedcdbd6e5dee94d272e2c9c6355ac611a32e6f7361782e52,0,0,-1,-1,26200,26200,0.4753990173339844,183a8258aa1fccaf87f88e79e89c865502524eadcee50d07127f69cd2eeb437a,93fc5df7a7059ad761517c0bd6484d08c9d56c38e0a08ebcdd8e010de21cea2c,Pre-change CLO-DSF,-1,-1,UNKNOWN,UNKNOWN,0.0,0.0,0.0,-1,UNKNOWN,1201,0,0,0.996011275039,0.996011275039,0.0,0.0,0,0,0,0,0,0,0,0,0,1,0,0,,,1,1,1,26300,26200,26200,1,0,A,0,0,0,0
current_0676,COMMUNICATION,delayed_update,transient,200,0,26200,13700,operating_family_5,development-validation,current_profile_0676,static_target,1947,120000,0:0:6000,2a2024c5882bc9661f079beccf3d49136942e95f4bfa0f2fbdf0d5ae62af5342,c04e9394cab0c7819fe8b6ed09719418e2893c5c3bc48b252d6e5ac8b323a805,0,0,-1,26200,-1,26200,0,ae0b27b9124cd58d6f62e1f1d6279c53feb4506929c4110eb1adb24f8e883f9e,aa4c4cf245c1a8235157326a49d4943b6f306c9abb8eb8266131907893a503b4,Weighted Sum,-1,-1,UNKNOWN,UNKNOWN,0.0,0.0,0.0,-1,UNKNOWN,1201,0,0,1.0,1.0,0.0,0.0,0,0,0,0,0,0,0,0,0,1,0,0,,,1,1,0,,26200,26200,0,0,A,0,0,0,0
current_0678,COMMUNICATION,delayed_update,intermittent,100,0,26800,9700,operating_family_5,development-validation,current_profile_0678,static_target,1949,120000,0:0:6000,02b24500ed54ce32b2a4584e6b00b08c3683b3f300d0d4d7d424360cc71d92a4,0f2635ba09c1d3995b536084b1846afb5e1105e06e19c79521228205477de4b9,0,0,-1,26800,-1,26800,0,f64e7e39398195ecc2d8a84f30a4c266fc39482180e61ea95af82e0b321ed5c9,477fc5609fbd0aadec42787c57f60c0289a448d7469f12f18dae0bfb1d0ca842,Weighted Sum,-1,-1,UNKNOWN,UNKNOWN,0.0,0.0,0.0,-1,UNKNOWN,1201,0,0,1.0,1.0,0.0,0.0,0,0,0,0,0,0,0,0,0,1,0,0,,,1,1,0,,26800,26800,0,0,A,0,0,0,0
current_0682,COMMUNICATION,delayed_update,permanent,200,0,25600,13700,operating_family_5,development-validation,current_profile_0682,static_target,1953,120000,0:0:6000,2e4241468ab4d042cfe279a79f84e29a36b2e3def8e66a860477ab1e5a0dbb4a,7b990e513bbcf6c67587d1a8d10c6bc027628c4110b677d39475713f2c609ef5,0,0,-1,25600,-1,25600,0,187df14260e4af4ed6e5011e3eafe1d0f11cb26d08c311066f5bb61ffcdda5fe,d74f77b19ed82c5839c615bc1053c6aac6809ecfa94a27a8bebe620572783c10,Weighted Sum,-1,-1,UNKNOWN,UNKNOWN,0.0,0.0,0.0,-1,UNKNOWN,1201,0,0,1.0,1.0,0.0,0.0,0,0,0,0,0,0,0,0,0,1,0,0,,,1,1,1,49600,25600,25600,1,0,A,0,0,0,0
current_0684,COMMUNICATION,dropped_update,transient,1,0,26200,9700,operating_family_5,development-validation,current_profile_0684,static_target,1955,120000,0:0:6000,9d1b194136892cbd92e1f6b6a0f5e92a6c9756cf5c47524d9eaa602087c1bf17,f1e7926e379ef8424ae4a9e47ebbabc541a0830112f87ecd3f31ee263df5b643,0,0,-1,26200,-1,26200,0,2796f1b7a41611480fce900b2c27975a0d484533610c528575674e7c3bb9b803,5fa6a02ecda76bcbeec1b90d6cfefd5cf2ce512381cfc40a7d1e5b8e64052ac0,Weighted Sum,-1,-1,UNKNOWN,UNKNOWN,0.0,0.0,0.0,-1,UNKNOWN,1201,0,0,1.0,1.0,0.0,0.0,0,0,0,0,0,0,0,0,0,1,0,0,,,1,1,0,,26200,26200,0,0,A,0,0,0,0
current_0690,COMMUNICATION,dropped_update,permanent,1,0,25600,9700,operating_family_5,development-validation,current_profile_0690,static_target,1961,120000,0:0:6000,7d4db4b2b69a0e03b7f67c783cb63b86117b6b4acddbc242156ccd4b0bf72bfa,fe911138fdd34fd6ec6c0ccc3f92ec48351af2f70482c47a64156d7ac05ba9db,0,0,-1,25600,-1,25600,0,d0787998cb8978579a6505319fe116dc2d6702c582b34dda9b6d1a94b8f3b54d,066f24b9257aba8bf7c4c44d334878ad7469c2be39a30d3c5d6cc2e82a239c17,Weighted Sum,-1,-1,UNKNOWN,UNKNOWN,0.0,0.0,0.0,-1,UNKNOWN,1201,0,0,1.0,1.0,0.0,0.0,0,0,0,0,0,0,0,0,0,1,0,0,,,1,1,0,,25600,25600,0,0,A,0,0,0,0
current_0696,COMMUNICATION,replayed_sample,intermittent,100,0,25000,9700,operating_family_5,development-validation,current_profile_0696,static_target,1967,120000,0:0:6000,a849aaa18865487e6f750fa243e3a8a5e19a3ead40f11414e91cb540bd652f79,f81ecd10c7fb6a200357e01c6dbef16842e8be46c03b9fabab355a0822b04286,0,0,-1,25000,-1,25000,0,d461e7b282ecbc09d1389f96c0ba89dfb12ee6691f1e06242cb30c116a35661e,77cf5b6e21ea064e521e2e67b29b7e1560e802f0f2613ffc676aa527c6ee2344,Weighted Sum,-1,-1,UNKNOWN,UNKNOWN,0.0,0.0,0.0,-1,UNKNOWN,1201,0,0,1.0,1.0,0.0,0.0,0,0,0,0,0,0,0,0,0,1,0,0,,,1,1,0,,25000,25000,0,0,A,0,0,0,0
current_0702,ACTUATOR,pump_degraded,transient,0.968,0,26800,9700,operating_family_5,development-validation,current_profile_0702,static_target,1973,120000,0:0:6000,1b5b7b578c686354d459426c24a3d8962fcce7f725c0693f5aadb1da081c19ca,da2264f437e9fb33be9eee797dc61124df093776933dc78e8f92075b3e9d323b,0,0,-1,-1,-1,26800,0,637281e4281757b4f7b58ac5cb40ac9a6a2b1e707c87d2283ce2fceb0a25f587,e423cb74fd77e7bab01777f4b0e776b3e1cd64ac6fc242f722ab1d1151f74dda,Weighted Sum,-1,-1,UNKNOWN,UNKNOWN,0.0,0.0,0.0,-1,UNKNOWN,1201,0,0,1.0,1.0,0.0,0.0,0,0,0,0,0,0,0,0,0,1,0,0,,,1,1,1,26900,26900,26900,1,0,A,0,0,0,0
current_0704,ACTUATOR,pump_degraded,intermittent,0.968,0,25000,18500,operating_family_5,development-validation,current_profile_0704,static_target,1975,120000,0:0:6000,82abeff5d68e674ac9b162401caca449424e64ccc53f6df21e0ed094c93fdeab,5458533751de730a7ed00522a8c171c1e84642c5d0743fa99c7a7de3517a3e93,0,0,-1,-1,-1,25000,0,f61ed128100f105ebf364c7b76d8253294937f08ed9ff63c62eae10d7ed1705a,c617a190c70d5a6b6a9530bd7bde5a0f899e5e77631abb76aff19eef1b999d21,Weighted Sum,-1,-1,UNKNOWN,UNKNOWN,0.0,0.0,0.0,-1,UNKNOWN,1201,0,0,1.0,1.0,0.0,0.0,0,0,0,0,0,0,0,0,0,1,0,0,,,1,1,1,25100,25100,25100,1,0,A,0,0,0,0
current_0706,ACTUATOR,pump_degraded,permanent,0.968,0,25600,13700,operating_family_5,development-validation,current_profile_0706,static_target,1977,120000,0:0:6000,ff5418eb261cebf66a4a6c83cf9f1ae470d499fc5f677cbe26534d39092d524c,358dd38a66f1f88a09ec87b01a98e8222a416910c1feb3b4e698e5eec1e44783,0,0,-1,-1,-1,25600,0,e9c7b98423fdbc424f670e883d6b60400d43f06a30660d82c460bc8ba239ef2b,16cdb6119fced65e7440ae3a63e7ed5040a6d6d32bc0b5bc5a40c0b245602d91,Weighted Sum,-1,-1,UNKNOWN,UNKNOWN,0.0,0.0,0.0,-1,UNKNOWN,1201,0,0,1.0,1.0,0.0,0.0,0,0,0,0,0,0,0,0,0,1,0,0,,,1,1,1,25700,25700,25700,1,0,A,0,0,0,0
