partition,method,chain,model,runs,faulty_runs,benign_runs,detected,coverage,macro_coverage,silent_plant,benign_false_alarms,benign_false_alarm_rate,precision,recall,latency_median_ms,latency_p95_ms,localized,localization_coverage,correct_localizations,wrong_localizations,localization_accuracy,macro_localization_accuracy,accuracy_when_localized,wrong_localization_rate,unknown,unknown_rate,localized_before_plant,preinjection_alarm_runs,propagation_supported_runs,control_effect_runs,coverage_given_control_effect,actuator_effect_runs,coverage_given_actuator_effect,plant_manifestation_runs,coverage_given_plant_manifestation,pre_plant_alarms,same_plant_alarms,post_plant_alarms,mean_anomaly_ignorance,mean_origin_ignorance,mean_detection_conflict,mean_localization_conflict,high_detection_conflict_runs,high_localization_conflict_runs
development-train,Pre-change CLO-DSF,primary,ALL,156,156,0,140,0.8974358974358975,0.8974358974358975,16,0,,1.0,0.8974358974358975,22400.0,54200.0,140,1.0,140,0,1.0,1.0,1.0,0.0,0,0.0,22,0,0,156,0.8974358974358975,156,0.8974358974358975,156,0.8974358974358975,22,19,99,0.7469704852570193,0.7469704852570193,0.0,0.0,0,0
development-train,Pre-change CLO-DSF,primary,sensor_bias_ramp,72,72,0,72,1.0,1.0,0,0,,1.0,1.0,37400.0,58400.0,72,1.0,72,0,1.0,1.0,1.0,0.0,0,0.0,0,0,0,72,1.0,72,1.0,72,1.0,0,0,72,0.6259505221270556,0.6259505221270556,0.0,0.0,0,0
development-train,Pre-change CLO-DSF,primary,sensor_bias,48,48,0,32,0.6666666666666666,0.6666666666666666,16,0,,1.0,0.6666666666666666,200.0,400.0,32,1.0,32,0,1.0,1.0,1.0,0.0,0,0.0,0,0,0,48,0.6666666666666666,48,0.6666666666666666,48,0.6666666666666666,0,7,25,0.982651918729375,0.982651918729375,0.0,0.0,0,0
development-train,Pre-change CLO-DSF,primary,sensor_interface_intermittent,36,36,0,36,1.0,1.0,0,0,,1.0,1.0,200.0,400.0,36,1.0,36,0,1.0,1.0,1.0,0.0,0,0.0,22,0,0,36,1.0,36,1.0,36,1.0,22,12,2,0.6747685002204722,0.6747685002204722,0.0,0.0,0,0
development-train,Pre-change CLO-DSF,reference,ALL,168,168,0,84,0.5,0.5,0,0,,1.0,0.5,31900.0,60800.0,84,1.0,84,0,1.0,1.0,1.0,0.0,0,0.0,0,0,0,0,,0,,0,,0,0,0,0.8079071553787024,0.8079071553787024,0.0,0.0,0,0
development-train,Pre-change CLO-DSF,reference,sensor_bias_ramp,72,72,0,72,1.0,1.0,0,0,,1.0,1.0,36550.0,60800.0,72,1.0,72,0,1.0,1.0,1.0,0.0,0,0.0,0,0,0,0,,0,,0,,0,0,0,0.6253649636130556,0.6253649636130556,0.0,0.0,0,0
development-train,Pre-change CLO-DSF,reference,sensor_bias,48,48,0,0,0.0,0.0,0,0,,,0.0,,,0,,0,0,,,,,0,,0,0,0,0,,0,,0,,0,0,0,0.9929100316876458,0.9929100316876458,0.0,0.0,0,0
development-train,Pre-change CLO-DSF,reference,sensor_interface_intermittent,36,36,0,0,0.0,0.0,0,0,,,0.0,,,0,,0,0,,,,,0,,0,0,0,0,,0,,0,,0,0,0,0.9964647857535556,0.9964647857535556,0.0,0.0,0,0
development-train,Pre-change CLO-DSF,reference,sensor_dropout,12,12,0,12,1.0,1.0,0,0,,1.0,1.0,0.0,0.0,12,1.0,12,0,1.0,1.0,1.0,0.0,0,0.0,0,0,0,0,,0,,0,,0,0,0,0.59747590961225,0.59747590961225,0.0,0.0,0,0
development-train,Pre-change CLO-DSF,common_mode,ALL,12,12,0,0,0.0,0.0,12,0,,,0.0,,,0,,0,0,,,,,0,,0,0,0,12,0.0,12,0.0,12,0.0,0,0,0,0.9964864524885,0.9964864524885,0.0,0.0,0,0
development-train,Pre-change CLO-DSF,common_mode,sensor_bias_ramp,12,12,0,0,0.0,0.0,12,0,,,0.0,,,0,,0,0,,,,,0,,0,0,0,12,0.0,12,0.0,12,0.0,0,0,0,0.9964864524885,0.9964864524885,0.0,0.0,0,0
development-train,FAST only,primary,ALL,156,156,0,84,0.5384615384615384,0.5384615384615384,72,0,,1.0,0.5384615384615384,100.0,300.0,84,1.0,84,0,1.0,1.0,1.0,0.0,0,0.0,22,0,0,156,0.5384615384615384,156,0.5384615384615384,156,0.5384615384615384,22,60,2,0.9039233842683141,0.9039233842683141,0.0,0.0,0,0
development-train,FAST only,primary,sensor_bias_ramp,72,72,0,0,0.0,0.0,72,0,,,0.0,,,0,,0,0,,,,,0,,0,0,0,72,0.0,72,0.0,72,0.0,0,0,0,0.9964759118462778,0.9964759118462778,0.0,0.0,0,0
development-train,FAST only,primary,sensor_bias,48,48,0,48,1.0,1.0,0,0,,1.0,1.0,100.0,100.0,48,1.0,48,0,1.0,1.0,1.0,0.0,0,0.0,0,0,0,48,1.0,48,1.0,48,1.0,0,48,0,0.9902929838694167,0.9902929838694167,0.0,0.0,0,0
development-train,FAST only,primary,sensor_interface_intermittent,36,36,0,36,1.0,1.0,0,0,,1.0,1.0,200.0,400.0,36,1.0,36,0,1.0,1.0,1.0,0.0,0,0.0,22,0,0,36,1.0,36,1.0,36,1.0,22,12,2,0.6036588629775833,0.6036588629775833,0.0,0.0,0,0
development-train,FAST only,reference,ALL,168,168,0,95,0.5654761904761905,0.5654761904761905,0,0,,1.0,0.5654761904761905,100.0,729.9999999999998,95,1.0,95,0,1.0,1.0,1.0,0.0,0,0.0,0,0,0,0,,0,,0,,0,0,0,0.8822532440724881,0.8822532440724881,0.0,0.0,0,0
development-train,FAST only,reference,sensor_bias_ramp,72,72,0,0,0.0,0.0,0,0,,,0.0,,,0,,0,0,,,,,0,,0,0,0,0,,0,,0,,0,0,0,0.9964640684170556,0.9964640684170556,0.0,0.0,0,0
development-train,FAST only,reference,sensor_bias,48,48,0,48,1.0,1.0,0,0,,1.0,1.0,100.0,100.0,48,1.0,48,0,1.0,1.0,1.0,0.0,0,0.0,0,0,0,0,,0,,0,,0,0,0,0.990683892641875,0.990683892641875,0.0,0.0,0,0
development-train,FAST only,reference,sensor_interface_intermittent,36,36,0,35,0.9722222222222222,0.9722222222222222,0,0,,1.0,0.9722222222222222,300.0,800.0,35,1.0,35,0,1.0,1.0,1.0,0.0,0,0.0,0,0,0,0,,0,,0,,0,0,0,0.60418317544425,0.60418317544425,0.0,0.0,0,0
development-train,FAST only,reference,sensor_dropout,12,12,0,12,1.0,1.0,0,0,,1.0,1.0,0.0,0.0,12,1.0,12,0,1.0,1.0,1.0,0.0,0,0.0,0,0,0,0,,0,,0,,0,0,0,0.59747590961225,0.59747590961225,0.0,0.0,0,0
development-train,FAST only,common_mode,ALL,12,12,0,0,0.0,0.0,12,0,,,0.0,,,0,,0,0,,,,,0,,0,0,0,12,0.0,12,0.0,12,0.0,0,0,0,0.9964864524885,0.9964864524885,0.0,0.0,0,0
development-train,FAST only,common_mode,sensor_bias_ramp,12,12,0,0,0.0,0.0,12,0,,,0.0,,,0,,0,0,,,,,0,,0,0,0,12,0.0,12,0.0,12,0.0,0,0,0,0.9964864524885,0.9964864524885,0.0,0.0,0,0
development-train,SLOW only,primary,ALL,156,156,0,140,0.8974358974358975,0.8974358974358975,16,0,,1.0,0.8974358974358975,22400.0,54200.0,140,1.0,140,0,1.0,1.0,1.0,0.0,0,0.0,22,0,0,156,0.8974358974358975,156,0.8974358974358975,156,0.8974358974358975,22,19,99,0.7469704852570193,0.7469704852570193,0.0,0.0,0,0
development-train,SLOW only,primary,sensor_bias_ramp,72,72,0,72,1.0,1.0,0,0,,1.0,1.0,37400.0,58400.0,72,1.0,72,0,1.0,1.0,1.0,0.0,0,0.0,0,0,0,72,1.0,72,1.0,72,1.0,0,0,72,0.6259505221270556,0.6259505221270556,0.0,0.0,0,0
development-train,SLOW only,primary,sensor_bias,48,48,0,32,0.6666666666666666,0.6666666666666666,16,0,,1.0,0.6666666666666666,200.0,400.0,32,1.0,32,0,1.0,1.0,1.0,0.0,0,0.0,0,0,0,48,0.6666666666666666,48,0.6666666666666666,48,0.6666666666666666,0,7,25,0.982651918729375,0.982651918729375,0.0,0.0,0,0
development-train,SLOW only,primary,sensor_interface_intermittent,36,36,0,36,1.0,1.0,0,0,,1.0,1.0,200.0,400.0,36,1.0,36,0,1.0,1.0,1.0,0.0,0,0.0,22,0,0,36,1.0,36,1.0,36,1.0,22,12,2,0.6747685002204722,0.6747685002204722,0.0,0.0,0,0
development-train,SLOW only,reference,ALL,168,168,0,84,0.5,0.5,0,0,,1.0,0.5,31900.0,60800.0,84,1.0,84,0,1.0,1.0,1.0,0.0,0,0.0,0,0,0,0,,0,,0,,0,0,0,0.8079071553787024,0.8079071553787024,0.0,0.0,0,0
development-train,SLOW only,reference,sensor_bias_ramp,72,72,0,72,1.0,1.0,0,0,,1.0,1.0,36550.0,60800.0,72,1.0,72,0,1.0,1.0,1.0,0.0,0,0.0,0,0,0,0,,0,,0,,0,0,0,0.6253649636130556,0.6253649636130556,0.0,0.0,0,0
development-train,SLOW only,reference,sensor_bias,48,48,0,0,0.0,0.0,0,0,,,0.0,,,0,,0,0,,,,,0,,0,0,0,0,,0,,0,,0,0,0,0.9929100316876458,0.9929100316876458,0.0,0.0,0,0
development-train,SLOW only,reference,sensor_interface_intermittent,36,36,0,0,0.0,0.0,0,0,,,0.0,,,0,,0,0,,,,,0,,0,0,0,0,,0,,0,,0,0,0,0.9964647857535556,0.9964647857535556,0.0,0.0,0,0
development-train,SLOW only,reference,sensor_dropout,12,12,0,12,1.0,1.0,0,0,,1.0,1.0,0.0,0.0,12,1.0,12,0,1.0,1.0,1.0,0.0,0,0.0,0,0,0,0,,0,,0,,0,0,0,0.59747590961225,0.59747590961225,0.0,0.0,0,0
development-train,SLOW only,common_mode,ALL,12,12,0,0,0.0,0.0,12,0,,,0.0,,,0,,0,0,,,,,0,,0,0,0,12,0.0,12,0.0,12,0.0,0,0,0,0.9964864524885,0.9964864524885,0.0,0.0,0,0
development-train,SLOW only,common_mode,sensor_bias_ramp,12,12,0,0,0.0,0.0,12,0,,,0.0,,,0,,0,0,,,,,0,,0,0,0,12,0.0,12,0.0,12,0.0,0,0,0,0.9964864524885,0.9964864524885,0.0,0.0,0,0
development-train,Revised CLO-DSF,primary,ALL,156,156,0,156,1.0,1.0,0,0,,1.0,1.0,300.0,54200.0,156,1.0,156,0,1.0,1.0,1.0,0.0,0,0.0,22,0,0,156,1.0,156,1.0,156,1.0,22,60,74,0.7297329738022564,0.7297329738022564,0.0,0.0,0,0
development-train,Revised CLO-DSF,primary,sensor_bias_ramp,72,72,0,72,1.0,1.0,0,0,,1.0,1.0,37400.0,58400.0,72,1.0,72,0,1.0,1.0,1.0,0.0,0,0.0,0,0,0,72,1.0,72,1.0,72,1.0,0,0,72,0.6259505221270556,0.6259505221270556,0.0,0.0,0,0
development-train,Revised CLO-DSF,primary,sensor_bias,48,48,0,48,1.0,1.0,0,0,,1.0,1.0,100.0,100.0,48,1.0,48,0,1.0,1.0,1.0,0.0,0,0.0,0,0,0,48,1.0,48,1.0,48,1.0,0,48,0,0.9799622344335625,0.9799622344335625,0.0,0.0,0,0
development-train,Revised CLO-DSF,primary,sensor_interface_intermittent,36,36,0,36,1.0,1.0,0,0,,1.0,1.0,200.0,400.0,36,1.0,36,0,1.0,1.0,1.0,0.0,0,0.0,22,0,0,36,1.0,36,1.0,36,1.0,22,12,2,0.6036588629775833,0.6036588629775833,0.0,0.0,0,0
development-train,Revised CLO-DSF,reference,ALL,168,168,0,167,0.9940476190476191,0.9940476190476191,0,0,,1.0,0.9940476190476191,500.0,60670.0,167,1.0,167,0,1.0,1.0,1.0,0.0,0,0.0,0,0,0,0,,0,,0,,0,0,0,0.7221952104551548,0.7221952104551548,0.0,0.0,0,0
development-train,Revised CLO-DSF,reference,sensor_bias_ramp,72,72,0,72,1.0,1.0,0,0,,1.0,1.0,36550.0,60800.0,72,1.0,72,0,1.0,1.0,1.0,0.0,0,0.0,0,0,0,0,,0,,0,,0,0,0,0.6253649636130556,0.6253649636130556,0.0,0.0,0,0
development-train,Revised CLO-DSF,reference,sensor_bias,48,48,0,48,1.0,1.0,0,0,,1.0,1.0,100.0,100.0,48,1.0,48,0,1.0,1.0,1.0,0.0,0,0.0,0,0,0,0,,0,,0,,0,0,0,0.9871294321872084,0.9871294321872084,0.0,0.0,0,0
development-train,Revised CLO-DSF,reference,sensor_interface_intermittent,36,36,0,35,0.9722222222222222,0.9722222222222222,0,0,,1.0,0.9722222222222222,300.0,800.0,35,1.0,35,0,1.0,1.0,1.0,0.0,0,0.0,0,0,0,0,,0,,0,,0,0,0,0.60418317544425,0.60418317544425,0.0,0.0,0,0
development-train,Revised CLO-DSF,reference,sensor_dropout,12,12,0,12,1.0,1.0,0,0,,1.0,1.0,0.0,0.0,12,1.0,12,0,1.0,1.0,1.0,0.0,0,0.0,0,0,0,0,,0,,0,,0,0,0,0.59747590961225,0.59747590961225,0.0,0.0,0,0
development-train,Revised CLO-DSF,common_mode,ALL,12,12,0,0,0.0,0.0,12,0,,,0.0,,,0,,0,0,,,,,0,,0,0,0,12,0.0,12,0.0,12,0.0,0,0,0,0.9964864524885,0.9964864524885,0.0,0.0,0,0
development-train,Revised CLO-DSF,common_mode,sensor_bias_ramp,12,12,0,0,0.0,0.0,12,0,,,0.0,,,0,,0,0,,,,,0,,0,0,0,12,0.0,12,0.0,12,0.0,0,0,0,0.9964864524885,0.9964864524885,0.0,0.0,0,0
development-validation,Pre-change CLO-DSF,primary,ALL,104,104,0,92,0.8846153846153846,0.8846153846153846,12,0,,1.0,0.8846153846153846,22400.0,54200.0,92,1.0,92,0,1.0,1.0,1.0,0.0,0,0.0,12,0,0,104,0.8846153846153846,104,0.8846153846153846,104,0.8846153846153846,12,20,60,0.7473811110306827,0.7473811110306827,0.0,0.0,0,0
development-validation,Pre-change CLO-DSF,primary,sensor_bias_ramp,48,48,0,48,1.0,1.0,0,0,,1.0,1.0,37400.0,58165.0,48,1.0,48,0,1.0,1.0,1.0,0.0,0,0.0,0,0,0,48,1.0,48,1.0,48,1.0,0,0,48,0.6292992216962292,0.6292992216962292,0.0,0.0,0,0
development-validation,Pre-change CLO-DSF,primary,sensor_bias,32,32,0,20,0.625,0.625,12,0,,1.0,0.625,100.0,400.0,20,1.0,20,0,1.0,1.0,1.0,0.0,0,0.0,0,0,0,32,0.625,32,0.625,32,0.625,0,12,8,0.9810335495464687,0.9810335495464687,0.0,0.0,0,0
development-validation,Pre-change CLO-DSF,primary,sensor_interface_intermittent,24,24,0,24,1.0,1.0,0,0,,1.0,1.0,200.0,384.9999999999998,24,1.0,24,0,1.0,1.0,1.0,0.0,0,0.0,12,0,0,24,1.0,24,1.0,24,1.0,12,8,4,0.672008305011875,0.672008305011875,0.0,0.0,0,0
development-validation,Pre-change CLO-DSF,reference,ALL,112,112,0,56,0.5,0.5,0,0,,1.0,0.5,31900.0,60900.0,56,1.0,56,0,1.0,1.0,1.0,0.0,0,0.0,0,0,0,0,,0,,0,,0,0,0,0.8093496444157678,0.8093496444157678,0.0,0.0,0,0
development-validation,Pre-change CLO-DSF,reference,sensor_bias_ramp,48,48,0,48,1.0,1.0,0,0,,1.0,1.0,36550.0,60900.0,48,1.0,48,0,1.0,1.0,1.0,0.0,0,0.0,0,0,0,0,,0,,0,,0,0,0,0.6287610493697917,0.6287610493697917,0.0,0.0,0,0
development-validation,Pre-change CLO-DSF,reference,sensor_bias,32,32,0,0,0.0,0.0,0,0,,,0.0,,,0,,0,0,,,,,0,,0,0,0,0,,0,,0,,0,0,0,0.9906228836794687,0.9906228836794687,0.0,0.0,0,0
development-validation,Pre-change CLO-DSF,reference,sensor_interface_intermittent,24,24,0,0,0.0,0.0,0,0,,,0.0,,,0,,0,0,,,,,0,,0,0,0,0,,0,,0,,0,0,0,0.99842663758175,0.99842663758175,0.0,0.0,0,0
development-validation,Pre-change CLO-DSF,reference,sensor_dropout,8,8,0,8,1.0,1.0,0,0,,1.0,1.0,0.0,0.0,8,1.0,8,0,1.0,1.0,1.0,0.0,0,0.0,0,0,0,0,,0,,0,,0,0,0,0.600557278138875,0.600557278138875,0.0,0.0,0,0
development-validation,Pre-change CLO-DSF,common_mode,ALL,8,8,0,0,0.0,0.0,8,0,,,0.0,,,0,,0,0,,,,,0,,0,0,0,8,0.0,8,0.0,8,0.0,0,0,0,0.99842031144525,0.99842031144525,0.0,0.0,0,0
development-validation,Pre-change CLO-DSF,common_mode,sensor_bias_ramp,8,8,0,0,0.0,0.0,8,0,,,0.0,,,0,,0,0,,,,,0,,0,0,0,8,0.0,8,0.0,8,0.0,0,0,0,0.99842031144525,0.99842031144525,0.0,0.0,0,0
development-validation,FAST only,primary,ALL,104,104,0,55,0.5288461538461539,0.5288461538461539,49,0,,1.0,0.5288461538461539,100.0,300.0,55,1.0,55,0,1.0,1.0,1.0,0.0,0,0.0,12,0,0,104,0.5288461538461539,104,0.5288461538461539,104,0.5288461538461539,12,39,4,0.9061451656052693,0.9061451656052693,0.0,0.0,0,0
development-validation,FAST only,primary,sensor_bias_ramp,48,48,0,0,0.0,0.0,48,0,,,0.0,,,0,,0,0,,,,,0,,0,0,0,48,0.0,48,0.0,48,0.0,0,0,0,0.998419829067375,0.998419829067375,0.0,0.0,0,0
development-validation,FAST only,primary,sensor_bias,32,32,0,31,0.96875,0.96875,1,0,,1.0,0.96875,100.0,100.0,31,1.0,31,0,1.0,1.0,1.0,0.0,0,0.0,0,0,0,32,0.96875,32,0.96875,32,0.96875,0,31,0,0.9923213950996562,0.9923213950996562,0.0,0.0,0,0
development-validation,FAST only,primary,sensor_interface_intermittent,24,24,0,24,1.0,1.0,0,0,,1.0,1.0,200.0,384.9999999999998,24,1.0,24,0,1.0,1.0,1.0,0.0,0,0.0,12,0,0,24,1.0,24,1.0,24,1.0,12,8,4,0.6066941993552083,0.6066941993552083,0.0,0.0,0,0
development-validation,FAST only,reference,ALL,112,112,0,64,0.5714285714285714,0.5714285714285714,0,0,,1.0,0.5714285714285714,100.0,600.0,64,1.0,64,0,1.0,1.0,1.0,0.0,0,0.0,0,0,0,0,,0,,0,,0,0,0,0.8844397662127054,0.8844397662127054,0.0,0.0,0,0
development-validation,FAST only,reference,sensor_bias_ramp,48,48,0,0,0.0,0.0,0,0,,,0.0,,,0,,0,0,,,,,0,,0,0,0,0,,0,,0,,0,0,0,0.9984260356319583,0.9984260356319583,0.0,0.0,0,0
development-validation,FAST only,reference,sensor_bias,32,32,0,32,1.0,1.0,0,0,,1.0,1.0,100.0,100.0,32,1.0,32,0,1.0,1.0,1.0,0.0,0,0.0,0,0,0,0,,0,,0,,0,0,0,0.9925552395501562,0.9925552395501562,0.0,0.0,0,0
development-validation,FAST only,reference,sensor_interface_intermittent,24,24,0,24,1.0,1.0,0,0,,1.0,1.0,350.0,884.9999999999998,24,1.0,24,0,1.0,1.0,1.0,0.0,0,0.0,0,0,0,0,,0,,0,,0,0,0,0.606940758948875,0.606940758948875,0.0,0.0,0,0
development-validation,FAST only,reference,sensor_dropout,8,8,0,8,1.0,1.0,0,0,,1.0,1.0,0.0,0.0,8,1.0,8,0,1.0,1.0,1.0,0.0,0,0.0,0,0,0,0,,0,,0,,0,0,0,0.600557278138875,0.600557278138875,0.0,0.0,0,0
development-validation,FAST only,common_mode,ALL,8,8,0,0,0.0,0.0,8,0,,,0.0,,,0,,0,0,,,,,0,,0,0,0,8,0.0,8,0.0,8,0.0,0,0,0,0.99842031144525,0.99842031144525,0.0,0.0,0,0
development-validation,FAST only,common_mode,sensor_bias_ramp,8,8,0,0,0.0,0.0,8,0,,,0.0,,,0,,0,0,,,,,0,,0,0,0,8,0.0,8,0.0,8,0.0,0,0,0,0.99842031144525,0.99842031144525,0.0,0.0,0,0
development-validation,SLOW only,primary,ALL,104,104,0,92,0.8846153846153846,0.8846153846153846,12,0,,1.0,0.8846153846153846,22400.0,54200.0,92,1.0,92,0,1.0,1.0,1.0,0.0,0,0.0,12,0,0,104,0.8846153846153846,104,0.8846153846153846,104,0.8846153846153846,12,20,60,0.7473811110306827,0.7473811110306827,0.0,0.0,0,0
development-validation,SLOW only,primary,sensor_bias_ramp,48,48,0,48,1.0,1.0,0,0,,1.0,1.0,37400.0,58165.0,48,1.0,48,0,1.0,1.0,1.0,0.0,0,0.0,0,0,0,48,1.0,48,1.0,48,1.0,0,0,48,0.6292992216962292,0.6292992216962292,0.0,0.0,0,0
development-validation,SLOW only,primary,sensor_bias,32,32,0,20,0.625,0.625,12,0,,1.0,0.625,100.0,400.0,20,1.0,20,0,1.0,1.0,1.0,0.0,0,0.0,0,0,0,32,0.625,32,0.625,32,0.625,0,12,8,0.9810335495464687,0.9810335495464687,0.0,0.0,0,0
development-validation,SLOW only,primary,sensor_interface_intermittent,24,24,0,24,1.0,1.0,0,0,,1.0,1.0,200.0,384.9999999999998,24,1.0,24,0,1.0,1.0,1.0,0.0,0,0.0,12,0,0,24,1.0,24,1.0,24,1.0,12,8,4,0.672008305011875,0.672008305011875,0.0,0.0,0,0
development-validation,SLOW only,reference,ALL,112,112,0,56,0.5,0.5,0,0,,1.0,0.5,31900.0,60900.0,56,1.0,56,0,1.0,1.0,1.0,0.0,0,0.0,0,0,0,0,,0,,0,,0,0,0,0.8093496444157678,0.8093496444157678,0.0,0.0,0,0
development-validation,SLOW only,reference,sensor_bias_ramp,48,48,0,48,1.0,1.0,0,0,,1.0,1.0,36550.0,60900.0,48,1.0,48,0,1.0,1.0,1.0,0.0,0,0.0,0,0,0,0,,0,,0,,0,0,0,0.6287610493697917,0.6287610493697917,0.0,0.0,0,0
development-validation,SLOW only,reference,sensor_bias,32,32,0,0,0.0,0.0,0,0,,,0.0,,,0,,0,0,,,,,0,,0,0,0,0,,0,,0,,0,0,0,0.9906228836794687,0.9906228836794687,0.0,0.0,0,0
development-validation,SLOW only,reference,sensor_interface_intermittent,24,24,0,0,0.0,0.0,0,0,,,0.0,,,0,,0,0,,,,,0,,0,0,0,0,,0,,0,,0,0,0,0.99842663758175,0.99842663758175,0.0,0.0,0,0
development-validation,SLOW only,reference,sensor_dropout,8,8,0,8,1.0,1.0,0,0,,1.0,1.0,0.0,0.0,8,1.0,8,0,1.0,1.0,1.0,0.0,0,0.0,0,0,0,0,,0,,0,,0,0,0,0.600557278138875,0.600557278138875,0.0,0.0,0,0
development-validation,SLOW only,common_mode,ALL,8,8,0,0,0.0,0.0,8,0,,,0.0,,,0,,0,0,,,,,0,,0,0,0,8,0.0,8,0.0,8,0.0,0,0,0,0.99842031144525,0.99842031144525,0.0,0.0,0,0
development-validation,SLOW only,common_mode,sensor_bias_ramp,8,8,0,0,0.0,0.0,8,0,,,0.0,,,0,,0,0,,,,,0,,0,0,0,8,0.0,8,0.0,8,0.0,0,0,0,0.99842031144525,0.99842031144525,0.0,0.0,0,0
development-validation,Revised CLO-DSF,primary,ALL,104,104,0,103,0.9903846153846154,0.9903846153846154,1,0,,1.0,0.9903846153846154,300.0,54200.0,103,1.0,103,0,1.0,1.0,1.0,0.0,0,0.0,12,0,0,104,0.9903846153846154,104,0.9903846153846154,104,0.9903846153846154,12,39,52,0.7314839082109038,0.7314839082109038,0.0,0.0,0,0
development-validation,Revised CLO-DSF,primary,sensor_bias_ramp,48,48,0,48,1.0,1.0,0,0,,1.0,1.0,37400.0,58165.0,48,1.0,48,0,1.0,1.0,1.0,0.0,0,0.0,0,0,0,48,1.0,48,1.0,48,1.0,0,0,48,0.6292992216962292,0.6292992216962292,0.0,0.0,0,0
development-validation,Revised CLO-DSF,primary,sensor_bias,32,32,0,31,0.96875,0.96875,1,0,,1.0,0.96875,100.0,100.0,31,1.0,31,0,1.0,1.0,1.0,0.0,0,0.0,0,0,0,32,0.96875,32,0.96875,32,0.96875,0,31,0,0.9783532196246875,0.9783532196246875,0.0,0.0,0,0
development-validation,Revised CLO-DSF,primary,sensor_interface_intermittent,24,24,0,24,1.0,1.0,0,0,,1.0,1.0,200.0,384.9999999999998,24,1.0,24,0,1.0,1.0,1.0,0.0,0,0.0,12,0,0,24,1.0,24,1.0,24,1.0,12,8,4,0.6066941993552083,0.6066941993552083,0.0,0.0,0,0
development-validation,Revised CLO-DSF,reference,ALL,112,112,0,112,1.0,1.0,0,0,,1.0,1.0,500.0,60745.0,112,1.0,112,0,1.0,1.0,1.0,0.0,0,0.0,0,0,0,0,,0,,0,,0,0,0,0.7237823421251518,0.7237823421251518,0.0,0.0,0,0
development-validation,Revised CLO-DSF,reference,sensor_bias_ramp,48,48,0,48,1.0,1.0,0,0,,1.0,1.0,36550.0,60900.0,48,1.0,48,0,1.0,1.0,1.0,0.0,0,0.0,0,0,0,0,,0,,0,,0,0,0,0.6287610493697917,0.6287610493697917,0.0,0.0,0,0
development-validation,Revised CLO-DSF,reference,sensor_bias,32,32,0,32,1.0,1.0,0,0,,1.0,1.0,100.0,100.0,32,1.0,32,0,1.0,1.0,1.0,0.0,0,0.0,0,0,0,0,,0,,0,,0,0,0,0.9847517346369687,0.9847517346369687,0.0,0.0,0,0
development-validation,Revised CLO-DSF,reference,sensor_interface_intermittent,24,24,0,24,1.0,1.0,0,0,,1.0,1.0,350.0,884.9999999999998,24,1.0,24,0,1.0,1.0,1.0,0.0,0,0.0,0,0,0,0,,0,,0,,0,0,0,0.606940758948875,0.606940758948875,0.0,0.0,0,0
development-validation,Revised CLO-DSF,reference,sensor_dropout,8,8,0,8,1.0,1.0,0,0,,1.0,1.0,0.0,0.0,8,1.0,8,0,1.0,1.0,1.0,0.0,0,0.0,0,0,0,0,,0,,0,,0,0,0,0.600557278138875,0.600557278138875,0.0,0.0,0,0
development-validation,Revised CLO-DSF,common_mode,ALL,8,8,0,0,0.0,0.0,8,0,,,0.0,,,0,,0,0,,,,,0,,0,0,0,8,0.0,8,0.0,8,0.0,0,0,0,0.99842031144525,0.99842031144525,0.0,0.0,0,0
development-validation,Revised CLO-DSF,common_mode,sensor_bias_ramp,8,8,0,0,0.0,0.0,8,0,,,0.0,,,0,,0,0,,,,,0,,0,0,0,8,0.0,8,0.0,8,0.0,0,0,0,0.99842031144525,0.99842031144525,0.0,0.0,0,0
