run_id,rows,bit_identical_complete_state,observations_sha256
final_0000,1201,True,c199e5568a081158c2370515cefbaba82c8458ee021e35275928375aa0d467f6
final_0001,1201,True,f7be6f03b504ccff6115cfaf4500c75ca843a6133ac084d7601f215d196034fb
final_0002,1201,True,29b63d9e898a019d5b944bd83679b54e09f5d3f7a7e9a11aa69d0dcacb986393
final_0003,1201,True,566b3a9cd9f9139925fb6ad43d86ffd8fe595aeace738c45a77c8479bfb1d90d
final_0004,1201,True,b57d949b3d0d417e52a261c91e249c299a155a5af7a0d975410af443fa32d287
final_0005,1201,True,a8bef5066753cf52eaffeffa2a7c0baa943624b1271cc5f70d443187f4ac92b6
final_0006,1201,True,e1c3d040d5bc91c06f3cb32490ac60269ef334add5a49d4c0997119793c9e756
final_0007,1201,True,883d56b17b63f6e09699e04bb86e5536aa47198aa6443684cd07abfb928fed58
final_0008,1201,True,8e25cf02268e305c3359c3d8764bb6bbd1503262e1d2916f900fff49a3bb408b
final_0009,1201,True,5fc221b29b5a84d3834b1c6c656df4f37125ab6b3b2fb22e4e6f4196f3475e34
final_0010,1201,True,bef12d615a75a989401b295baa72d4682e6cd8271f7be4dc92e41b64df6837e5
final_0011,1201,True,aa5a9a4c84b57f5c99233c59bad676a12937bee9c26c60396f41e725e58eef9c
final_0012,1201,True,bcbd02e3a6bdcd76de1ab0b2207ba71bdcf883d50bab141cb2238cbe169449ae
final_0013,1201,True,74ca215fd27f011d76bed70ba8c24973b5df90a9b39f31e01829a1f570c76447
final_0014,1201,True,a75301ed40d4895327fe3ce5b8ff64245ecc683d9dbb6cf7a3ca03e11eaf1c00
final_0015,1201,True,e7ed3dce5f306d7004706fd458deb98221cacb7194b0f81cdb8ecc4ad873433d
final_0016,1201,True,67fe91c275c58eeaaab8807e70c70ede82190719667bb3e5450b971b21d2adcd
final_0017,1201,True,e0a9e76738b6ee895b8ba720510235d51a2c393e2ff55b2d62446d8fd7deccb3
final_0018,1201,True,8e56105129c8c8876174bcc09efea7f40c06b98ace0e64ce82b7c1c0fb49dc5d
final_0019,1201,True,54a443a3f9cffa53ba4f4e97ca80f093f09b26175fed5000a53ee43ce225a8e0
final_0020,1201,True,03c0600255364bd67e49625d090937ab022084b5c5586308ff475a0c4e3dd790
final_0021,1201,True,77be2974aed94bbf4bc03be6edcd75498d5081b71ce2a1627ec98421cd9bc74c
final_0022,1201,True,ff530b1d08550abbb40eff71f9edf58a33227db59a39b0666da8fab90e443716
final_0023,1201,True,61da7909dd4caf7b9256bd9dc3277b961f59aac0e52f68d292942a8b4d83dba6
final_0024,1201,True,0e1fad428c83226faf47324c165410f4a4f174c3f6678db3a0b6bc9e6ac9755d
final_0025,1201,True,b524c5cef5491eafc318567a995fc9226ffb204259705e13491d8150dc8fcbad
final_0026,1201,True,c3eccd3e47cd8ae4e3e2424b1a4429c4c34cd35b151ea1dc0cc38fe1ce4f3bba
final_0027,1201,True,f9c47aaf684d8822bc9280f2f530f2b2697aa9bfbbf5352e78c77dadafd5a8d1
final_0028,1201,True,bdbc031d5cba5f3a1ee720727480e62b10e7f941729d8669ab8e552b635e9a48
final_0029,1201,True,61aea4fbd7edb441ffbb484815c8f61a25ac7cbb63d847a740341200754b9764
final_0030,1201,True,7aa80c9d656af85de48d67fa70814530b1c704877b8d4dfcaa69d486df35787a
final_0031,1201,True,b917d15d13c0bc116e1c891ce416ade98d4b66d5134ff114c4e4e437165214e3
final_0032,1201,True,b45df4e37c16cba81e09d78704f061b4d55956034c26e14b77bd7840bb4d99fd
final_0033,1201,True,b9f1e8f8d414a9fa6d32373f247ab8cced96db0bc8cbe78023eac5723e86db97
final_0034,1201,True,9a7b057b711c7f3b9fd5b2fd61ad719ff9e2b301545271dbb294125b1d2615fd
final_0035,1201,True,49ff43b266d990c6ed96afb313ef89f4acab48b24f672e42d91df69d1a939104
final_0036,1201,True,c2e1e932f2edf36c7ebe5c87102fd042a4e131db46b0dde8e3e623f70c484960
final_0037,1201,True,4601a7e5f377e6a282a6cef04f52f10adf1978dbc8ed5a3c1c799cbc5966f95f
final_0038,1201,True,da74d7c4957e023cb98483c3d7f43ff9c1de042d228fbe2411f3cd587e132f55
final_0039,1201,True,59d63a3f5e2a404198ffab81bce464ad1061501b3df467db28e998a2690e6099
final_0040,1201,True,894d349e00ef126eece133c0fd708b3a5d8a10b04ee8692a7247f3624645b083
final_0041,1201,True,15d136fe19603a376c07b2c88bf3c31ffa47e968eaecfdb3e88b5d5331892e19
final_0042,1201,True,a6b07f59b92478b7c98dd8b4e161330df019b5a984bf8f8ba5c186dc2c7c992f
final_0043,1201,True,eeb3c63cb7f28c1622038d1679409f57ce508ac664bbe9953f823e39ff466267
final_0044,1201,True,eb24d5e327d0145426a6c860524c94fd99efa9091b50d4da5a4c59b2531df65c
final_0045,1201,True,f9702e20a31336fd6948fda8c084d2a8852ac8570337a59a57d2e2d80a911693
final_0046,1201,True,56265bbc8ca53e28af8cb5cd72af7472800027fc096616e06d91e5a5d51ac3e0
final_0047,1201,True,e01687014adbea2d9b1234d50cc61a8bb225e421ce76bbdd53e0cba06c47c698
final_0048,1201,True,3fc6dec9717e7a090eb8988729b5769eb536482ac1bd8f3a9b0600500c61ec2b
final_0049,1201,True,b724813944d680515bd6920646affe16fdb48f6d0b47f0ef8f25e71c1a24b4cd
final_0050,1201,True,74311109854fd070041bf5fefa4378cf9a82bf1203b12396e9223bd958694d8e
final_0051,1201,True,0f133bca1d8ba31cf94f97d2d418bcab98c9755c190f3ecf83239163992e6ff5
final_0052,1201,True,12def5fd55ad8ccf9315f9a1b1802c03adfa2a0778e50dbd38e0287825510d29
final_0053,1201,True,04058f0f3fb514d646a995ea70bfacc482b1eb9320aacb3d80194ceeb21b7ae1
final_0054,1201,True,4b38801bb83f29efd037c9403f298a04032fb3e213d2abebdff12112c5fbba77
final_0055,1201,True,ae7b4778774597502bd6e6954b64a2398dd34fe75c9d079be64c2ab60daf50a4
final_0056,1201,True,7da706e411872a48846c84ddf91b9aa804ef0a98ff571516f97279ae83c3eefe
final_0057,1201,True,1845646e8693e735f271a80412c73859003b9a27bb9c3b9c43a46bd318816d2e
final_0058,1201,True,1ed097e0015c497774d73074b4e0e3a150e0534bf8317a9386a045749e68e4bf
final_0059,1201,True,5b18588d1107b34acad88ea268d02c47df3dee53c23184ed6eb0e69df0cb0858
final_0060,1201,True,a68ab6f46795b3d20d9531314eccbb687e3f1246ccdb45c6bab5186a67036f3d
final_0061,1201,True,78bd074ae68b28c78c53f74c60a438d65c01e635edae31c52434e02a820889bd
final_0062,1201,True,3a037933339f8ef2b9bd587f9edb79675687ea5e12d08f8cb0b1cb4ecc9fb863
final_0063,1201,True,cd3164d35980e5b56dbd1e8df35d42b9789c452d6d5faad5e6a35ec49e0913d8
final_0064,1201,True,14dc8f316e5e4ff1ead07a7395abd129f16c305d921f93ef0155b80167900e55
final_0065,1201,True,e0b7cb1de30ccf06c98f0a82e4237693e663f06db8ff6ed4bc150f2c999b1a98
final_0066,1201,True,90f65dbf6001884373dfcb7903afed28dfaac19c688cff4e78e5592c4849bdeb
final_0067,1201,True,d1efc4c9aa573ea1ad9a9b7a970950214232ea34dd4cc7e595fa52c3e57012cf
final_0068,1201,True,6a37988693870681494ad3753b0c3cd06c473fb41fcd38bc03f0dfea6293433c
final_0069,1201,True,a5c0656d063bf0bbe045af50e3bb27a18ad8fbec672d59b00ed81eae08c5bb27
final_0070,1201,True,80a6d466890ad21ef8fcd042e936a7e19400ce8e18a020db42af9b6e609f384b
final_0071,1201,True,c978e3c41f2e37687eddf29fa22f3d5f90808adcfe4e8e08d58fbb73c9036742
final_0072,1201,True,e90b16ea1cf7095cfb19f21ada2ea499903663fa279428dae98fe01d2aed379f
final_0073,1201,True,e90b16ea1cf7095cfb19f21ada2ea499903663fa279428dae98fe01d2aed379f
final_0074,1201,True,29b63d9e898a019d5b944bd83679b54e09f5d3f7a7e9a11aa69d0dcacb986393
final_0075,1201,True,566b3a9cd9f9139925fb6ad43d86ffd8fe595aeace738c45a77c8479bfb1d90d
final_0076,1201,True,5fb234fb905408bc3f58b8729333ddd7c631bdaa0db0408f280296974b2d97c2
final_0077,1201,True,5fb234fb905408bc3f58b8729333ddd7c631bdaa0db0408f280296974b2d97c2
final_0078,1201,True,e1c3d040d5bc91c06f3cb32490ac60269ef334add5a49d4c0997119793c9e756
final_0079,1201,True,883d56b17b63f6e09699e04bb86e5536aa47198aa6443684cd07abfb928fed58
final_0080,1201,True,8e25cf02268e305c3359c3d8764bb6bbd1503262e1d2916f900fff49a3bb408b
final_0081,1201,True,5fc221b29b5a84d3834b1c6c656df4f37125ab6b3b2fb22e4e6f4196f3475e34
final_0082,1201,True,0efe2a9c7875fef2dd60921f991161a093c980d8d71d36e27bdda72ed5c1d7f8
final_0083,1201,True,0efe2a9c7875fef2dd60921f991161a093c980d8d71d36e27bdda72ed5c1d7f8
final_0084,1201,True,bcbd02e3a6bdcd76de1ab0b2207ba71bdcf883d50bab141cb2238cbe169449ae
final_0085,1201,True,74ca215fd27f011d76bed70ba8c24973b5df90a9b39f31e01829a1f570c76447
final_0086,1201,True,92f655e1f8256caeb87f0c424e44d52f60a6f7e8cc1f12d038a172c7f0b27480
final_0087,1201,True,92f655e1f8256caeb87f0c424e44d52f60a6f7e8cc1f12d038a172c7f0b27480
final_0088,1201,True,e90b16ea1cf7095cfb19f21ada2ea499903663fa279428dae98fe01d2aed379f
final_0089,1201,True,e90b16ea1cf7095cfb19f21ada2ea499903663fa279428dae98fe01d2aed379f
final_0090,1201,True,8e56105129c8c8876174bcc09efea7f40c06b98ace0e64ce82b7c1c0fb49dc5d
final_0091,1201,True,54a443a3f9cffa53ba4f4e97ca80f093f09b26175fed5000a53ee43ce225a8e0
final_0092,1201,True,5fb234fb905408bc3f58b8729333ddd7c631bdaa0db0408f280296974b2d97c2
final_0093,1201,True,5fb234fb905408bc3f58b8729333ddd7c631bdaa0db0408f280296974b2d97c2
final_0094,1201,True,ff530b1d08550abbb40eff71f9edf58a33227db59a39b0666da8fab90e443716
final_0095,1201,True,61da7909dd4caf7b9256bd9dc3277b961f59aac0e52f68d292942a8b4d83dba6
final_0096,1201,True,e90b16ea1cf7095cfb19f21ada2ea499903663fa279428dae98fe01d2aed379f
final_0097,1201,True,e90b16ea1cf7095cfb19f21ada2ea499903663fa279428dae98fe01d2aed379f
final_0098,1201,True,c3eccd3e47cd8ae4e3e2424b1a4429c4c34cd35b151ea1dc0cc38fe1ce4f3bba
final_0099,1201,True,f9c47aaf684d8822bc9280f2f530f2b2697aa9bfbbf5352e78c77dadafd5a8d1
final_0100,1201,True,5fb234fb905408bc3f58b8729333ddd7c631bdaa0db0408f280296974b2d97c2
final_0101,1201,True,5fb234fb905408bc3f58b8729333ddd7c631bdaa0db0408f280296974b2d97c2
final_0102,1201,True,7aa80c9d656af85de48d67fa70814530b1c704877b8d4dfcaa69d486df35787a
final_0103,1201,True,b917d15d13c0bc116e1c891ce416ade98d4b66d5134ff114c4e4e437165214e3
final_0104,1201,True,b45df4e37c16cba81e09d78704f061b4d55956034c26e14b77bd7840bb4d99fd
final_0105,1201,True,b9f1e8f8d414a9fa6d32373f247ab8cced96db0bc8cbe78023eac5723e86db97
final_0106,1201,True,0efe2a9c7875fef2dd60921f991161a093c980d8d71d36e27bdda72ed5c1d7f8
final_0107,1201,True,0efe2a9c7875fef2dd60921f991161a093c980d8d71d36e27bdda72ed5c1d7f8
final_0108,1201,True,c2e1e932f2edf36c7ebe5c87102fd042a4e131db46b0dde8e3e623f70c484960
final_0109,1201,True,4601a7e5f377e6a282a6cef04f52f10adf1978dbc8ed5a3c1c799cbc5966f95f
final_0110,1201,True,92f655e1f8256caeb87f0c424e44d52f60a6f7e8cc1f12d038a172c7f0b27480
final_0111,1201,True,92f655e1f8256caeb87f0c424e44d52f60a6f7e8cc1f12d038a172c7f0b27480
final_0112,1201,True,e90b16ea1cf7095cfb19f21ada2ea499903663fa279428dae98fe01d2aed379f
final_0113,1201,True,e90b16ea1cf7095cfb19f21ada2ea499903663fa279428dae98fe01d2aed379f
final_0114,1201,True,a6b07f59b92478b7c98dd8b4e161330df019b5a984bf8f8ba5c186dc2c7c992f
final_0115,1201,True,eeb3c63cb7f28c1622038d1679409f57ce508ac664bbe9953f823e39ff466267
final_0116,1201,True,5fb234fb905408bc3f58b8729333ddd7c631bdaa0db0408f280296974b2d97c2
final_0117,1201,True,5fb234fb905408bc3f58b8729333ddd7c631bdaa0db0408f280296974b2d97c2
final_0118,1201,True,56265bbc8ca53e28af8cb5cd72af7472800027fc096616e06d91e5a5d51ac3e0
final_0119,1201,True,e01687014adbea2d9b1234d50cc61a8bb225e421ce76bbdd53e0cba06c47c698
final_0120,1201,True,e90b16ea1cf7095cfb19f21ada2ea499903663fa279428dae98fe01d2aed379f
final_0121,1201,True,e90b16ea1cf7095cfb19f21ada2ea499903663fa279428dae98fe01d2aed379f
final_0122,1201,True,74311109854fd070041bf5fefa4378cf9a82bf1203b12396e9223bd958694d8e
final_0123,1201,True,0f133bca1d8ba31cf94f97d2d418bcab98c9755c190f3ecf83239163992e6ff5
final_0124,1201,True,5fb234fb905408bc3f58b8729333ddd7c631bdaa0db0408f280296974b2d97c2
final_0125,1201,True,5fb234fb905408bc3f58b8729333ddd7c631bdaa0db0408f280296974b2d97c2
final_0126,1201,True,4b38801bb83f29efd037c9403f298a04032fb3e213d2abebdff12112c5fbba77
final_0127,1201,True,ae7b4778774597502bd6e6954b64a2398dd34fe75c9d079be64c2ab60daf50a4
final_0128,1201,True,7da706e411872a48846c84ddf91b9aa804ef0a98ff571516f97279ae83c3eefe
final_0129,1201,True,1845646e8693e735f271a80412c73859003b9a27bb9c3b9c43a46bd318816d2e
final_0130,1201,True,0efe2a9c7875fef2dd60921f991161a093c980d8d71d36e27bdda72ed5c1d7f8
final_0131,1201,True,0efe2a9c7875fef2dd60921f991161a093c980d8d71d36e27bdda72ed5c1d7f8
final_0132,1201,True,a68ab6f46795b3d20d9531314eccbb687e3f1246ccdb45c6bab5186a67036f3d
final_0133,1201,True,78bd074ae68b28c78c53f74c60a438d65c01e635edae31c52434e02a820889bd
final_0134,1201,True,92f655e1f8256caeb87f0c424e44d52f60a6f7e8cc1f12d038a172c7f0b27480
final_0135,1201,True,92f655e1f8256caeb87f0c424e44d52f60a6f7e8cc1f12d038a172c7f0b27480
final_0136,1201,True,e90b16ea1cf7095cfb19f21ada2ea499903663fa279428dae98fe01d2aed379f
final_0137,1201,True,e90b16ea1cf7095cfb19f21ada2ea499903663fa279428dae98fe01d2aed379f
final_0138,1201,True,90f65dbf6001884373dfcb7903afed28dfaac19c688cff4e78e5592c4849bdeb
final_0139,1201,True,d1efc4c9aa573ea1ad9a9b7a970950214232ea34dd4cc7e595fa52c3e57012cf
final_0140,1201,True,5fb234fb905408bc3f58b8729333ddd7c631bdaa0db0408f280296974b2d97c2
final_0141,1201,True,5fb234fb905408bc3f58b8729333ddd7c631bdaa0db0408f280296974b2d97c2
final_0142,1201,True,80a6d466890ad21ef8fcd042e936a7e19400ce8e18a020db42af9b6e609f384b
final_0143,1201,True,c978e3c41f2e37687eddf29fa22f3d5f90808adcfe4e8e08d58fbb73c9036742
final_0144,1201,True,02cc56727bff638db3408d351966286b7d105fd95968cb4dd39ee28369619ddb
final_0145,1201,True,168c393f2272f0df95000dfc4f9affed20042603459bc3de423aec7db6194d7a
final_0146,1201,True,40289365f3e2b6875c2cd4510cdc0cff6777b3861b526c446d3605ae861f7d3e
final_0147,1201,True,ba361f5edbcb7ee81ab01494b09691d1b6b76e50f34c5def2ed46a11fca823da
final_0148,1201,True,0435e7b81c105e8439ed7202522a881a2c310932d038d30e2ebabc534315fc4d
final_0149,1201,True,2faa5c86fca785d699cceab5ab54edc0527278ae0401b87ef22e340702f68837
final_0150,1201,True,2984cae6821dd03ffdfa8fd9637e14f1eabcafd7ccfcae2ae0e8ec085f9c68ab
final_0151,1201,True,e5e9e80cc6dea929d5a2cd9502140c08a86a47a09aa0ebae0f114edab781898d
final_0152,1201,True,266a6d95660de2a744c0280bab375b4540e46a4ba8216173bdf7e7926e817a8e
final_0153,1201,True,c0d72471155bff541fbb44ec746e4eca03619872233c31082dda972790760764
final_0154,1201,True,d9696676d65ee0f1a83d8c3e723a3b663d7031ad921ccba3aedfd241ea0f7807
final_0155,1201,True,4920f1428096954fa678a5c6cb62694c89b2845c35d9808eb465ae3d71cff03e
final_0156,1201,True,ca12eb404d51f9c28bcf76dbddbbe1bdc2970d86d3fbcd82963d3e44e1631ad7
final_0157,1201,True,ce3e13175085911357bf376082fb54f0871bfdf70c71c2ffaef9fe0efacc92b0
final_0158,1201,True,5641a49397f82e7af2c6621bf29e790ad0987a5e5538db624fe58d56976186ad
final_0159,1201,True,c30ecab890ae35dd6cabe3b061217c6071543d365d84953c7b24c3792b5e5759
final_0160,1201,True,a9820cfa26cf53a7ae01f310a3a8067219b06ab6b7abec9656274be4b21016b1
final_0161,1201,True,ed6db6aa9c3906a5b4c16bd0fab15af5b8538810fb89a59109365b1ec2e26088
final_0162,1201,True,d9b97325b78e21883b884982a72bb2bc1e3980e7ff388ee80ab7dd12c3496b1b
final_0163,1201,True,84d7d0d3d4d9aaa844e81f93b953d03114db2be034fed6c011c05e89c6429eb7
final_0164,1201,True,298b545c874156c3b750fbc158c6ae21f1dd89b245559d96326a9521924ea84f
final_0165,1201,True,bc0a3634f0458802162e26d7a1049769036312f700d01b6db122902dd3a6c15a
final_0166,1201,True,7d1b47539b730ce20982a84bee698afef09ec68f388f2e3172a40fcdbf56cdac
final_0167,1201,True,6d8be3238c73b78f08f409205f44f3ea9728284c659f2e358af4ea46ef4bdbaf
final_0168,1201,True,29392878d3013b4bcac52c98a1565543a01addb110ddbc8ea4441aefb9f7d97d
final_0169,1201,True,621e3228b9e02d0ac87b57f3ca4cd9e974899763ea65d51bb6faacc8c88396fb
final_0170,1201,True,b5ff9acbdd763e5e1037360bf386d7a8370a0bedc6c7ad93be40e32670145be5
final_0171,1201,True,09bfc9e30d7a38c946fab34323a75a46c621187049bd5a266064503846eb4a84
final_0172,1201,True,4a5c02168e288c021e50ee6cd2048bcb0da60eee3c40db6b01b82b95e8c49610
final_0173,1201,True,a77a993dd1da307519bf55ac76e78ec75fcc95e89a29198c3f447f7f03c81c48
final_0174,1201,True,2e8698e78c79295280d54b6d4a6329a6beeeece7f81b035b914bab85156a6d64
final_0175,1201,True,b4e5b050d916f0a795c64b51e9abe5e7eb9639953dc1944fad56c6329caf26b8
final_0176,1201,True,3d4092c1478cb2e1745ad672ee9fdcf44df6be3f9bb1c562cf2ce7aa1f144532
final_0177,1201,True,f9415397c905731e9ada88e6ee94b5d2eb378f51d46525b5bc2481e988a3ccdf
final_0178,1201,True,6b07e9d49cb041fb2c7b4d29459eb5876f0ce6c4349dfdc6a7d9574d462a4904
final_0179,1201,True,c8c7f1afecd47e5f4425c19c49c0226154ee0e8e8478ea5599863c04289dd2ad
final_0180,1201,True,ec9910b0fbb3fe6763e0052c187cb77a96ec7689d6160190231b241c5da1ff12
final_0181,1201,True,8350f3fae696ef9bdabfd803373b56aaa91823f604aacd2dd9e8b6b8395be115
final_0182,1201,True,7c4b41171177ef527ecf193a9eee5f9b47388fd87a3bb9bbe67df8d33fc91e5e
final_0183,1201,True,45227e77c4732b7cb3892425925dd170b3f9f6cc4caa47fc39942ae74dfb207a
final_0184,1201,True,09db4b34130925d72f02bd4940525973fd52d429a1e774eef5ee3d893df2a236
final_0185,1201,True,4a4a2091a4c44a1b3738140e0c73a6fa71cb2e5a0911af7c3b409f5d725957b4
final_0186,1201,True,5ac4335772a3235d2fd8d178af4675e5bf6f7fb039cb7d4975c7085e94eccf3c
final_0187,1201,True,310f97a652e8ebb004fb287b9243e1a21bcf5ac8d1ec3eb0396723e969427e90
final_0188,1201,True,c324751789fb8b88a52983610c86092210461b91a1d021c9588c113e222ac19b
final_0189,1201,True,98c0475d0e9640de8477071eddc21c40959d3886b92e28a746da4e447408c668
final_0190,1201,True,241cd71f6307f9fda6274e0fd3101a237fd6bff31e2d8d29d56af139896f49d4
final_0191,1201,True,c06ecce491e411dfcd7fd902aaf44f145d87621bf118a410bbe910e4b0415591
final_0192,1201,True,cc13566224b2f6f6b0b3d4d4ba5a2a37266d19a2f131914b339864d95af5d43d
final_0193,1201,True,719353a4edf95714a5bfb47feaa322b9302769627cc84feb989b7c4c9783a772
final_0194,1201,True,d46230113666dac78eeeb00757ddf65b7e47bf023d548cbc0b6bbcc60a94228a
final_0195,1201,True,7d6820b75aabe2998be54b1eb9cff7f2aa446b69a75a6a75fade72b1f6885be1
final_0196,1201,True,3d509bf026a4658d507d5e5a686d1a1c4262e007055890470ad991331e87a70c
final_0197,1201,True,9b708ab073a824c20b7bda0df6328012adec7975968bb7c54986aef685cdc7eb
final_0198,1201,True,8d4ede2ee2c5ebf36cd0dfe7f7cc9c091c1a04b9eb6878eee80d473a11420a26
final_0199,1201,True,a5fd055d5f1d9ff51f996dd9ca38c6d9f08789caa17baee5a51d468197ce3c30
final_0200,1201,True,b1a937a0e04815828b99c5b84b2931cdbd182b8578dbca7a584b7f3fa868692e
final_0201,1201,True,4459a3c13c761246a8024c3b40dba02593593a9f57d6b6168827a11826f2897c
final_0202,1201,True,6df133a439fab1f9801ef55d42a961a3fdfec8294ea3bdfabd31884cb797b5cd
final_0203,1201,True,599aea7ac7139f1a1726b099b10b158b98e3a36e0e1f567cd17fcf21a6a9e920
final_0204,1201,True,beb8e4e32d7dbbcbacf5197168ea5a6e8a22fee6c7c5849c9720d596a0737823
final_0205,1201,True,904d0bd45135aea007eae93c8bdc7685ede0dbd83a5521c431ff82ccb78c20c9
final_0206,1201,True,a7e2fff48c60e09505f626704c15a1552eeae5025a70ba2d54450bcf5f9c9121
final_0207,1201,True,6eb1ea4bdf1dccb5961a9dc66aee5335b0552a54f9f017639c02d8ed7fbbc510
final_0208,1201,True,fb57ad9c6eb1891be816d205185ed1b32da24d737430218d85ce5e6d7473245b
final_0209,1201,True,115adcb4279cd79c15024819a360475c34aa16da5d8cbf1f548365ce3d64121f
final_0210,1201,True,a40c6878f99d01aceba8d8bc224cb3ca80eeeebc523ac0e7ea67b36e2e1e8771
final_0211,1201,True,fdfe41da95f5081c8d51136a72d4673dd3cc607a58e7a448d51ee4a0eceb4023
final_0212,1201,True,d6826737f1aec13af1905adb1e452fdbf585aae11e9f81c9c2a46b40198a319a
final_0213,1201,True,f8fa4d3c80a422e91830e1213f0cef8dba2f778b58bc2d22a73e203bf52494bf
final_0214,1201,True,d46ed41ad9b7424fb7f7c8422081748fb836d6302d7e75ff79e3fc0479394074
final_0215,1201,True,d38457f39d5c257d84db99a59e6a03d8fa6fb0b3d8288d9a891a4da0af4e1f3d
final_0216,1201,True,05b2b1cfde0d9c227cb8b1c490c673c1707e9c69956e2fe98bf6e899e1991f83
final_0217,1201,True,a303ab8c6a481a2e106d389e15e9e97f23993976d03af046a6267d00c1806c84
final_0218,1201,True,b4556b02f877767010725094b0eaf7127cf904144244ebf98ab0c2497d60332b
final_0219,1201,True,dac4bd9381d57ad44dd3ffb4af4c53c09e5173cbce7470b8f94929a45000a155
final_0220,1201,True,f4c2b0ac128eb2b09908cb9192bc4e254a24b9263f686d71b5cccf48768ae26e
final_0221,1201,True,36ff34290cf37cdff9140dee4413e582b2283bad20fc2c8ffbce78fb094bf3f8
final_0222,1201,True,f2c35ab65017383121b733f3f8e1d9796ed4f13e1ccb6607e787a1167a6eb7f8
final_0223,1201,True,98017361184cea225c6897024b73cd54c4ee3df269450028c05195d0319da4e9
final_0224,1201,True,e83fd0a81edf64c69585b2e9d52d3e820b7ad2c42162da2d06e64958e64b249a
final_0225,1201,True,7eaaa7e61d641d5919d4cef563266eecead4be56aa264cdef030f644c3ddc1b4
final_0226,1201,True,2f05a23612a53f239bdcfcdc1eaeebd31d0a33cc61a2a57e639a8e345cafd884
final_0227,1201,True,9617d247e7c74524f76c2f2d9d19122d99f85ce2790ce10c5e55ba1cf27833d4
final_0228,1201,True,c8a22e9c81e883dc8c7458e193f42431ebc94a15dbcf8a1ea3f515f1eaf4184a
final_0229,1201,True,a2ae38369835cef754691287fced444ecaa593e9f1f624d8b4ca93a680ed8bd9
final_0230,1201,True,0e443e39f9cccf694fb38607c794c8393674166f1aa6fca11886ec9e5951539c
final_0231,1201,True,95567412815138145d3504aef444d072abc593b302c4af45404eb752b0b13b6b
final_0232,1201,True,19440f4e747e39ff55a0c1dcadc5474eb09f1e168480d14f90ea398a547f0de1
final_0233,1201,True,9268a4585941aa420137ea7c557245a53845de37ff48bab48e867f5feffb0b78
final_0234,1201,True,529203d8e7cf9f3aa1e5a6f732660f3d93628e01257aa47d23947dc17eaf428b
final_0235,1201,True,20ff7d13117aef0594ad74973e543439031deb1823abd603ab1930cbbb5825da
final_0236,1201,True,acee6ad0e671eea4029f7405fe01dac664815701e501324ec2ac5c5580dc57b5
final_0237,1201,True,cfc0835a26c1943a9bc2a627a04dc253cb4e7cf44308aaeffe28f1c467ef4426
final_0238,1201,True,47a8534aba4692489f0291e190c0776f91de71889e13b61e016af7af29c26592
final_0239,1201,True,df86e75a07a036a9745502955f1f9ff9f82ee84b159087d9430dd9be0e5340dd
final_0240,1201,True,05b2b1cfde0d9c227cb8b1c490c673c1707e9c69956e2fe98bf6e899e1991f83
final_0241,1201,True,a303ab8c6a481a2e106d389e15e9e97f23993976d03af046a6267d00c1806c84
final_0242,1201,True,b4556b02f877767010725094b0eaf7127cf904144244ebf98ab0c2497d60332b
final_0243,1201,True,dac4bd9381d57ad44dd3ffb4af4c53c09e5173cbce7470b8f94929a45000a155
final_0244,1201,True,f4c2b0ac128eb2b09908cb9192bc4e254a24b9263f686d71b5cccf48768ae26e
final_0245,1201,True,36ff34290cf37cdff9140dee4413e582b2283bad20fc2c8ffbce78fb094bf3f8
final_0246,1201,True,f2c35ab65017383121b733f3f8e1d9796ed4f13e1ccb6607e787a1167a6eb7f8
final_0247,1201,True,98017361184cea225c6897024b73cd54c4ee3df269450028c05195d0319da4e9
final_0248,1201,True,6470085c4050572d6e3599c0ff73de536f1436b1eef313642f99169cbc1e3e85
final_0249,1201,True,04e2597b2eb46a511c1323a0dbe37b1e0d0a9f8a7b8ee4840c5f700edca76da8
final_0250,1201,True,18e9b876f6273d36627f660c1ec0fc8efe39be36ccebb603043bb8f176da901f
final_0251,1201,True,305838115c88d2e7d87bdda1b83805d3da1b5626d7f5bc0086f0fc8063b2a5ce
final_0252,1201,True,cb0c5203965e24012fe5bd37697f82348cda5f3704bbdf3e1efeb3838043115e
final_0253,1201,True,89e1aa3eb12cbc79220ec33cf97b4646dc3af302d4dc8b439f30720cc6dc88c3
final_0254,1201,True,8c1c5e46f38b739f0d711451470eda6cfcaf67d870010194dbf6179fb3b9ee29
final_0255,1201,True,9c3bdacaa1d2ed212a0ceed6b86a5196f0c5fb11baca7519d9f9e83a30ccf939
final_0256,1201,True,f5c3f4210c5fd61989d03549e93dbcfa57e367715d893c2b1cfabcf29ed28fce
final_0257,1201,True,5dcc1e8e6007c16dbcfc5ea4e128d32dfc021f7ddcd36029579d807ebdca17db
final_0258,1201,True,a0a13f61328c0539d371a2b4f34bd6a10d545ac36990c9d2abcb1b3403d8b0e3
final_0259,1201,True,88e8fee579d80e19ef99c6e48958f07dffbfdd77dbc60b2cdab879c9c50e7b0f
final_0260,1201,True,4a092d68621a7b4848f1ca67dd5377a5d0e3b3f116fdc93673f1515d19f3e77a
final_0261,1201,True,361d25fb7c98d06a9729098823c5a8b71673bf18029df2f505a9e1069cb6ca3b
final_0262,1201,True,7d8561ef92fe1b684c3e545d9809f0d8ff0e327e7bba112a3fd376ed5ffb93fa
final_0263,1201,True,ec9202898b5291aea003a338c8060d2edfe1fa9abdafb733d92da4ff39507b45
final_0264,1201,True,c3231064353f0e8f043da09d750888f249b3842e4104d7d665a7db903d73e7a2
final_0265,1201,True,09cd22c8e80fb5ff5fe2f2aecb341d2070a2cad5050d4b6b285c1b2374bb9682
final_0266,1201,True,01cc8e3b37db6a287ef42c95b5e5f573682000c159e9b23cd119d39444893b18
final_0267,1201,True,d5a818f64dc00a23b90b2edd0f7b86f8fe3cb555ac5d564df07ce89910533966
final_0268,1201,True,311012325d06f91ba9c9fdb594b1a8c717c3377cc1e4a490f71f243bc2112fd8
final_0269,1201,True,1f8609435101d4e64e6acb84e81e6bd06e9aff283c8ae450d0baf2a39c71111f
final_0270,1201,True,ed7cace794850869e061537510c66281bf878326f208c9e3ff61dd5180fe3533
final_0271,1201,True,bc8530721b31799bf021eefaa87bbf758336253236cf9bd7161cbb0f4ef416a9
final_0272,1201,True,f9ecf96db3136aba063f64600a806c6f10f38953fa70a3715ccafb2fe445cd94
final_0273,1201,True,56fdff1eb628f4cac649d04aa6a4eb2abd081c224d8348c12c02544e803aa5f8
final_0274,1201,True,ed4fbd3b100b763d16fd61d498aa320d5daaec294be478cb1cc9cf47d4a3d36d
final_0275,1201,True,c51c2cd7bd2cfd64a9ee85f31e22b4b1baacb3ebd65ea8761b0a2d4ee3be202e
final_0276,1201,True,b299ca616b5a26fbb572f9656bf3a4c41d282406d371141b27c812c0291e7a33
final_0277,1201,True,4dea1bf98be5b5dd86dcbd9465ee422cfbe9c95389e98d46031c7865e1e54e54
final_0278,1201,True,72e9f1e724e529c3ff3b8eecb96ef0d0c257437525228b0816c53b5d651d6268
final_0279,1201,True,16b50104acf7a80bd6636e2b19df1bd645020984857152e5270a491ab2ac0f19
final_0280,1201,True,abcd55dc586762b32a6ef1320e417207ba53528aba6a93fa943269f7ede95f00
final_0281,1201,True,0b6d10080938c7d50154f14e19358370c14c882b8f7f57add243c7f20d5127ce
final_0282,1201,True,2ef2cee280a9182c7292c1b280cfbd2a56722c043a2865e63c840e3dc72138d8
final_0283,1201,True,3b1dec9d0f421e103f141db4e491b8dc9cfa5337c3e2beb88a46ab377cb3d8bb
final_0284,1201,True,f497c449657b8c9ac0a8e6d7109c4e0bb5f662938e650204339a26ebf9b1b371
final_0285,1201,True,bf8cb8f0830a53e7ccc1bb71b9464b6e546ed453d5e9a9b39f66239b38e96b87
final_0286,1201,True,2707ee1a703ca46249b6f0878180eb4af519f43372a33ca90d43ed2f3ce7f23e
final_0287,1201,True,47d5712e0d9448189554f44d7ad62a96771cdc6ef3c852570ebe4121f3e12202
final_0288,1201,True,1f5c4acccfa8fbe727b4bcaa6e606d8a3414a19705074971a2c4dd5ae21ea1e6
final_0289,1201,True,77e6e59310d0c6c00909d7f5e61c18693fdbf0527af10b25ac393996810a8d01
final_0290,1201,True,cadad4a8554aed0aadcfdaf4cce919e04b8fe7e99f4b53b6c970631491c80431
final_0291,1201,True,c5f715e39864e486117be49c4c4e32df688ca93990d01f42a7593d7c83a57642
final_0292,1201,True,a1caddf8ab55d048fe454acfa36cf74c3835c2a76c5ca8321d9f8bc90f6ad9b0
final_0293,1201,True,4206bbc054c0a13de0940353a2343cfdbbdacd4f6aff5939541b59428ac1cbeb
final_0294,1201,True,48f4793dfe87c25ffe83ee3ba429281fb7cc669bc3aaa7eedf6a19dd007e84d3
final_0295,1201,True,982c46edb8f17b4606572b17410fda7838d829d572ceb1f06f15eb15f08c81c3
final_0296,1201,True,46895b5f6f22414b12fb501359ad729c68f09782c589e20096ecce46148c90ff
final_0297,1201,True,4b5cf6ea7aa994b57bfb4beaaa2313d8bad575417cce0a6ccb4b3c74a546cfcd
final_0298,1201,True,5a9701cb4e9754a62685d76da7f0eca019953a663b018a60b5e95cc102ab74f0
final_0299,1201,True,cae856ec5ed443f3b19f4e48cfe7f2d03cf2227d0c71d5ce02316e714171f072
final_0300,1201,True,194cb2b166df943a8c1df05a1b70953bd762ab9aa6f594204a0970ab8c7a8f1c
final_0301,1201,True,ffe0eb12732834437ad4fed40426c6e2e7a035aa7011fe2598adfabcfb428f80
final_0302,1201,True,8c4d8144acbe10dc4df9021500a08a59515ce7f886ff117edddcca08d4ff35e1
final_0303,1201,True,b7323a9fe98bfd6ab89d2b3b5d1f1304f8bfebe5a2ceba5e0508c0982ff12ec3
final_0304,1201,True,8a8ddc80f19054d7ed51216ad246092cf2afeff60b0573ff1a9e0fe773ce111a
final_0305,1201,True,91113f5704122092f36f8e5782c430a6e99f80c290b18ca62234f78ffda46919
final_0306,1201,True,a55989ae9675e98f5818c616ccf46b918dd967331c8d4e2df3204b68533bf23f
final_0307,1201,True,15e85071876b9167311eca54fa6ed04ba6473f72290d57df23ce749648060ed3
final_0308,1201,True,099d557b37db2be06583be0f128d1912174af8a1e4e6b58ed9126869d623d723
final_0309,1201,True,270caa8fe583b39fcd465b114fbfe343855edd097c011283d853b990a06e5864
final_0310,1201,True,2684166e5d2dccc4ac182470bae87873ab51b17c926bf1b82ecf3dd64957d728
final_0311,1201,True,32a5a9b210ba880e2b132e8cbf0711f88340a87f568cda7c329890105ee95eb4
final_0312,1201,True,39ac828287ff46a746dfb9e7533ecb0b857eb019b87c944108439884ef5e4e54
final_0313,1201,True,a4f6369a7a623d8b42fb0152f347c2bee6bb08c049732d6871bb128588b1ce32
final_0314,1201,True,936854b060ec3f875a42b7437658a1bca408b647368acf968acade960c8ab724
final_0315,1201,True,53dc44cf1887ff47af2f466065f009b957397b25a9ecb6591fe4d706994a52a3
final_0316,1201,True,f6848830cfc35351a26e422e3dd34923fe11cd0e2ac67eda341f6b3acd5009b0
final_0317,1201,True,a0eb037fd7e3f2fcface8bc69d587f1c88dc7a4e526b36adcd8ccbc5a8a797f7
final_0318,1201,True,5a624489c878dbd529488d4e61a9539aea832f88ff0ca2f3e1a8689a8c1417ee
final_0319,1201,True,5bc62a3c9f4a85b181e26f61e91133f1bbae78c6b62ae28355df01218ecf1dc8
final_0320,1201,True,f4c3a1dbc1a9203d283b4a09bfba1cc290350a1c61adab2fcb0461fea2ac065a
final_0321,1201,True,32fb94693e1ced2134d958d50187ce86520121c53378d52d7dce01d151d04a94
final_0322,1201,True,6227a43e2118fb7b214145a88cbf98d6d3d2540712493b0d73e76f5801efb4bf
final_0323,1201,True,c7397ea8a3e721b5cf446443c901d78ca61946f5bc362b8e842adda4439a0149
final_0324,1201,True,47421a26aeb54af3880261268c624f2e4ec9c6d9607cb7c1dbc298437a77699f
final_0325,1201,True,a1c330cf353f8eec673e46fa92b820897653a160d69a5abd90fda444acaf0056
final_0326,1201,True,25dcad276ebb6efd720b2f620a0b0f1be2a43787bee0317ec1625295250a51a2
final_0327,1201,True,059fdbce0dd4be4efd694290e0288154c88cf5ce3c406e37e1d8a6397c55535f
final_0328,1201,True,59bcfea3ac8e4e766717deca5169c01f6f2c280c92bbf86d404c8e4eeb289851
final_0329,1201,True,77286e8776624c26cb587707b7840e12474b10080d6b873d4958259b75267038
final_0330,1201,True,0381e9f54e802e2c0829cfe302eb116222bdd7f13a9157940078c3bbc252cc04
final_0331,1201,True,d571f2c80c23bb055c5b06fa88fe84ce4f91466a4447aa61e067cb204770b991
final_0332,1201,True,52daea0554b4604dce549445caa1c7809fe8abbf906895058cfb31cc937020e4
final_0333,1201,True,d688dd0306fbbd4ab3ba4515f282af181e47478fc134bb5882c49277b5019e3c
final_0334,1201,True,7b30d81e2461059cf4a756e75c00e0c2ee91ec34aa8fb8e9fd17654a8687dd07
final_0335,1201,True,fc48db12db7ee1cc29ecd0dceb884d839e814290ce591f3b8b80d939b060ac9a
final_0336,1201,True,17fd3fe90a5cb6a37601ec6af0e1c4162c9b25d6a55290ed3c864468b510ec8f
final_0337,1201,True,ad24fa8b141ce364b87d590aacba70442121a48e8a8d1f2ccc7f68a35392462e
final_0338,1201,True,25c91d2524658d4dcda3bb13b26a91b194ca0fbcfa6654aa815b6f65e4012a0d
final_0339,1201,True,1c9bb42e885b3f5dd2b1457985097d0913ae6207ec1ee5938d09273efd23a8a3
final_0340,1201,True,4422c75f6ae7b0aa3c98c4e4f04434e2193e5bb0b7805a6e71dad9af2a01e24d
final_0341,1201,True,d2f6e5e33c25d3b873ddf4104b8d409093d962345a430c7f41f9c59299cf3f44
final_0342,1201,True,09b72ae0e6146a032684938bff58154307514061d82c9b8ed8dd89d57d4ba3ac
final_0343,1201,True,ea0c46bc1cd9c9cc0f553ce6da7f5d10b75758a40619cb32204c7d9b6940ab60
final_0344,1201,True,1eba7e0b3f75e7bc4bfb176200b93078da506ea33e3d6f8057ddb68889875959
final_0345,1201,True,6a0bfa8eaf8269424219ecb97045487e98c3866972f4a30ad378894eb7c5618f
final_0346,1201,True,516ece5e48b4d0638d65399d07869d177f189e8da093961244b10339d9c6f60d
final_0347,1201,True,97673fba7f8671bbda9dd76ab0f45f58aed89282cc3548ec7525f560e30d0940
final_0348,1201,True,1d3c65c1f06f09cf08976edb7e56b43989c46e371fe87dbe7a6cfd51db024062
final_0349,1201,True,2fab7a013e36e466b55065dbba515e1af2de5254918a7d7c387c3946b043fb42
final_0350,1201,True,5bcb8e1ddbfdb496b847d10d1234395e8148631b68166998b44683f38ceb5406
final_0351,1201,True,2a9f5f4c0c7ea279e602897115c6dc1da639f9d6b891e87bdefa9be86ffdf7a5
final_0352,1201,True,17fd3fe90a5cb6a37601ec6af0e1c4162c9b25d6a55290ed3c864468b510ec8f
final_0353,1201,True,ad24fa8b141ce364b87d590aacba70442121a48e8a8d1f2ccc7f68a35392462e
final_0354,1201,True,25c91d2524658d4dcda3bb13b26a91b194ca0fbcfa6654aa815b6f65e4012a0d
final_0355,1201,True,1c9bb42e885b3f5dd2b1457985097d0913ae6207ec1ee5938d09273efd23a8a3
final_0356,1201,True,4422c75f6ae7b0aa3c98c4e4f04434e2193e5bb0b7805a6e71dad9af2a01e24d
final_0357,1201,True,d2f6e5e33c25d3b873ddf4104b8d409093d962345a430c7f41f9c59299cf3f44
final_0358,1201,True,09b72ae0e6146a032684938bff58154307514061d82c9b8ed8dd89d57d4ba3ac
final_0359,1201,True,ea0c46bc1cd9c9cc0f553ce6da7f5d10b75758a40619cb32204c7d9b6940ab60
final_0360,1201,True,39ac828287ff46a746dfb9e7533ecb0b857eb019b87c944108439884ef5e4e54
final_0361,1201,True,a4f6369a7a623d8b42fb0152f347c2bee6bb08c049732d6871bb128588b1ce32
final_0362,1201,True,936854b060ec3f875a42b7437658a1bca408b647368acf968acade960c8ab724
final_0363,1201,True,53dc44cf1887ff47af2f466065f009b957397b25a9ecb6591fe4d706994a52a3
final_0364,1201,True,f6848830cfc35351a26e422e3dd34923fe11cd0e2ac67eda341f6b3acd5009b0
final_0365,1201,True,a0eb037fd7e3f2fcface8bc69d587f1c88dc7a4e526b36adcd8ccbc5a8a797f7
final_0366,1201,True,5a624489c878dbd529488d4e61a9539aea832f88ff0ca2f3e1a8689a8c1417ee
final_0367,1201,True,5bc62a3c9f4a85b181e26f61e91133f1bbae78c6b62ae28355df01218ecf1dc8
final_0368,1201,True,7d03f3ab6681e58b766d5f1eca7cb01bcc6db8b98c5682cbdc0ad362f5fb0505
final_0369,1201,True,fded28f3a5882ee2c5e5aca0318a9db74786ecf06b65ed765f6ea5dc87be62d1
final_0370,1201,True,7a546c00580e0caf8b2408d3cde0339bf03ed0ad0544758609c838a0135a23e4
final_0371,1201,True,98891bb2cd76af6b2b6d1dcaebf96c001c063b84ee3915ef78e1ac3ea6425c0a
final_0372,1201,True,56ddb870bea3da8a8912fc4e671c27f5a5510cd0a4e41a78e6cbc84536ae5989
final_0373,1201,True,7117a87784c246ccd07a378f5845f614dac5f06dd97b8c65b6391cd0de089c2a
final_0374,1201,True,317610e159b6cb37a6bfdd79f011939bb5123417a76d702fb21ae5d9b7f55ca3
final_0375,1201,True,bd498325677295d0c9a1a5f8734bd76d46462acd86c6d4150328fbd0fbe5c607
final_0376,1201,True,23afdc5a152462f3b3857ff5fecfb36f0e5a711e811169e0c3fbb06a5b0a3e1a
final_0377,1201,True,5f1c0d0e42ef73c210c7a8b4ca4a371faaf4cd1efef37b0c8130139ce2ac77b5
final_0378,1201,True,55a5909658303b3820b27fb9df602575b94f7bbdc7afd4f2adef43976950761d
final_0379,1201,True,a1d386b99e61640296e596a860bd536e7751487f4655e99fe1d93520762eb850
final_0380,1201,True,61555476ce08629887992c30a3a41a79eb35ea983d0670450ff40ff5afe433e4
final_0381,1201,True,9ec32c1a2e488475e53b5c9394939e671c940843d8d2c606c885c66a035a2f26
final_0382,1201,True,0d7acce2c147d36e953826ee3abd9949d8b1d0b7f264eca24079fd29868d5cde
final_0383,1201,True,d26db6d1eeb8f0b6276899879203489ce688fc2ab8bd459724e41fc5ff65de16
final_0384,1201,True,f43921381e38d70628399a21172703c2462e728b417238d0c1d04bea048d9e6b
final_0385,1201,True,f73f4458afbd4a41d9845e2de3fc17ab1f7cde122e3bd1478aeb5c9d80324f4e
final_0386,1201,True,8e9cae7df745896277461f7ef4715feb41a18da5136cf32d40eb1e7489966546
final_0387,1201,True,dd837e3bb4ea5022521bda2a0289ad6e35e3169c737bee2af5f075960ea7deed
final_0388,1201,True,fe82fc2e851b793859f628c84f0185ca198aa897c6690e35e8a4def6990b2176
final_0389,1201,True,40df8b28e0d1bc9c0074814eaac8b95d3624dbf7a495f8397c0893682e897307
final_0390,1201,True,ea893bf3d6e4fe8d5aa028b27fba7ede8831cdad3ab0fb22a9aab87251b4241e
final_0391,1201,True,f544efcb8efd89082e3c0a7516f089e1e706b1cc5a62ac1a2cd78602777b8217
final_0392,1201,True,74d0601e08ebf9375541a2c18c76671df54b7cc68bf60f4d827ecb9cebd9c246
final_0393,1201,True,edd86083de7c25f0ad8fe32972bab3b9c046977c5d8838ef305ba310d45f7fe4
final_0394,1201,True,6450d53454acc6ddfab253409b49e348e7248967ae447c230648791f0adad82f
final_0395,1201,True,0599c7ec7bdcd7058e282ca21cb6e3e3b969a5d3f96bebd6daf3d1b7b552b709
final_0396,1201,True,e7ff06a5f42bea78579ba12294b326b7539a45e5dfe31294019142ec932b04c7
final_0397,1201,True,fd39d8e0505365c6a0a8b41f492eebb8bdb6d9b2408e7277995b05c881096602
final_0398,1201,True,1a72955dc24657663023c09d7c3afa6e4b623e47a245f3590a7119ffb5182455
final_0399,1201,True,ddb54aa9a2d45ba366ad1c539ab02c9d8d9898394bfc538ebe302738a3278e06
final_0400,1201,True,df4a96573faf4615364159e9bcce12c6c666f82986d895194476f5d161a4dccb
final_0401,1201,True,244d8da9dfe971441cc2d745ed47bf70101df79a86aed26651c0f8547fdb82fb
final_0402,1201,True,b8cae68c56a865d0822ea581e2845ffd13191f1340ccf7e7755acbd4510646e7
final_0403,1201,True,13deeb2f2dbb65118bb94f2aeca17a006afc3a05bf6e892a6c238c6624d851a4
final_0404,1201,True,77e167300eab5598debaadf77396e80e571706de8488ccdc73f30f419d89b55d
final_0405,1201,True,e5392dc37fad7b1284f252eb4e75b7dc13a6ace8bced03ddf7d18eb9746fad58
final_0406,1201,True,f702ce1ecc51b0443ef3f1ed13b73291af19ef0f9b4f7d06286e44b67b6d82f4
final_0407,1201,True,b3053edafca83fab455e92b7b106cbd3b1a803a7de8cb9eb939d1c3d549a8fd3
final_0408,1201,True,2d43f6b0b7bb2fd929591338b072d6c7d13d9fe213f02a2ce72b9eca3823c122
final_0409,1201,True,177a63dc2e6882dea6a73d6978bf09e051bf3def9c0b74a49ce5f692a5a5c92d
final_0410,1201,True,a30672eba5729a4d9ec142c9a3bc576c9a1423c27ab81d358ef363361eaa71b4
final_0411,1201,True,48638f0828cbee2e95c4f7ab89ccc37a3705ab3df4df8ea8ba452a78bb875938
final_0412,1201,True,38d18820756c3853e5543a886056c73ecdb30724c38a62e549ff5ca6bcc29211
final_0413,1201,True,4c2a82eecef09c81292ccab38e90d3126cd30b0ff623aeb5ebd8b1a3ecb5fae1
final_0414,1201,True,4fbdc34d93a5a11eb796b9d99c53b8ea0fdfe2af6ea98472920e519e61de735a
final_0415,1201,True,045909c99976fe8ca8a48616e402ed52e4cb9db992cfb0cc12e1503c9062350f
final_0416,1201,True,90d9efb09ac3eca4c795dcde59b84bbe588fbf8f82412b8e6f3a1b204cb0b6db
final_0417,1201,True,4bb9d67e73ff60d9e3905cae653ac85137d3928cc48b1cc6dd2c1a0ef243c87f
final_0418,1201,True,c2c90c5092078105789d9240dde60dbf512d5920bbfe11fe6cf759762b31153b
final_0419,1201,True,d4178ff23e851a706459050d468a71f91b9bea0c478abe333de9fa9db3ed0057
final_0420,1201,True,d7f31db5031bd2104c3eabe82f0ccbf58d5d3925bafaca22622d6d8646eca00b
final_0421,1201,True,d65efc991485e0d5de13c4abee2206f418f723e4a45076d11b18cc4915cd03a0
final_0422,1201,True,fe5313c3b7ce2ff40d8d586886d5dee5a8734287cc913607da7558a4b9f65771
final_0423,1201,True,cdefc9672ec32c4bed5a4baab9c644cf4017d78b763274387226cb86cf100d30
final_0424,1201,True,3149abdcddb62b88d28719bffda126eaf2e45f65f1428af5a12d4d06fb5bfd08
final_0425,1201,True,e96ce8c2ea14bbad65de4f5f95f54324ffef94e99f8218470d6281956e42be16
final_0426,1201,True,b83c8ca3b9c3b80118fa50df5abf777caee69064bab1bddaa7f6e9a2ee51ea0f
final_0427,1201,True,cb3d6e9245ef7eff3774000ed99b28958d8f1b9e827eab2a4a3765009f352f7a
final_0428,1201,True,80b71ba9897df6f5d98ec637f20ea7d5fc5d78ee077f15616a28b4ca273a9edd
final_0429,1201,True,6d42da536bff5bd24f09f7405a853bd104c8d310adb6387b83359f0e6e56d1e3
final_0430,1201,True,0bdb6ca9af63886dea029ca55bf92a9d5cfebd1c3b688fa11798bb89398c94e6
final_0431,1201,True,f0d932386a25fca9a2ba5fc33bbdf7032b07cf59f3b12c40fe41b8efa3385945
final_0432,1201,True,51426d6c317ff68e0681172c6c4a5af93c3a71d4637efccaa413c1438cc67698
final_0433,1201,True,27336a7507b8d1c1d28541bf6257327c476c8763362a18a2ee5ac2fad9186a19
final_0434,1201,True,a36bdfe7449ce4207eb9f934575ea7f9673fe285171447f1199b26e6aedecaea
final_0435,1201,True,78e0f35224820879d29beee6ffb4c89b2a2ac007998e433768e9272a150994a2
final_0436,1201,True,b024b22e22ad82539253a7c7c91fca63a7968321af1796a4eab4576ba797084b
final_0437,1201,True,7ebde4ebe5def12bc7d4ae3d4dff9432ab31d3ad4f1637b43e23bdd97676b805
final_0438,1201,True,3881e0bf31e1fbdccfb1439fab29e84c365ea124fcd4ae9a6abd062651871d01
final_0439,1201,True,fdf5f7647e077eec751a1b28f90543623ad88b69d7f2a2d8c69ef600780ee42d
final_0440,1201,True,7d30d18410b0b9b6f7c1cfdc1db54f8081c693335bae13e4a450465c7ec722ca
final_0441,1201,True,872be1911011d3f842a343e07d89fb39f545d1ad03f99d3aec82ff901b8bce30
final_0442,1201,True,a1f86b46c9a6b4f0bd1db916506c637a81738f2880730c90f628d362d9dae818
final_0443,1201,True,3d5e9376cba50787210e5ff01f1ddb9a6417ae14f2a0d2772e37c5d161262fc2
final_0444,1201,True,06a6dc47be48f94d6b236acbbda0b32f6fc57f910c18f527b915dc18b594b514
final_0445,1201,True,7a9038a552d50325ed47a97f5dc92043dff0bd7402fe8668e02b254b85eec1cd
final_0446,1201,True,650049b83d9cddbf5bcb83a9ed873f3eecc9ce6f6dde3bb80dc17725c2e56d06
final_0447,1201,True,07be3caec7435dc64cb8ab98fe849cd76333dd679a248937103d3efd4e78b3ae
final_0448,1201,True,dd8244396323f1f3434b0f183d4643b3665f33df26067030e8aefada981f7b02
final_0449,1201,True,a26dbbdd02b8b7d9177ea0b35cde6f31d3ce503f6fad0fae88b3593897cddff9
final_0450,1201,True,ce8748664595a2fcbf7d990cf983e11e9d1f18cb679078c4a30a5196b19a2a68
final_0451,1201,True,7281db97302b17f03c6b32cabef74fc7c37706daa35bea7f46ec601a9ed16f4f
final_0452,1201,True,123599d5044c0070b09108db9695979526c4b9bb32e214fed9afe361a754ebfd
final_0453,1201,True,b2bd43cb3988218a73850bfc05838e6e7ab6f3c3ea7ce517a69810ee0d4b289b
final_0454,1201,True,30fccccf3af0dd0bdd7f90bbf7a7fcfd4c6b29741bdc4ecfa1b0fe534158c003
final_0455,1201,True,c716459d2985b9c1e8e8d08a5e1f35718cc4903a65bce9547956b7236ec18796
final_0456,1201,True,e798a2ce7b95964a6f1bccd2b7c0e2d05d946144d9de9c49383a3f48eb7aba1f
final_0457,1201,True,6ea4a64de07f2f1f84f9398ad7131f8065fed9816cf65f8618168169be268cf3
final_0458,1201,True,1ac782b1d2dcbb32de389d27a7cd7f1d07e2a08792a8c10c425820cf80502966
final_0459,1201,True,0d3227ab1d1003fa32cb6c6f52c8313c49f236a103c13aac999b31935396c3f9
final_0460,1201,True,c0bd93905f4d39410519acf3f85f0ed70092af71a12282d1b5c1e07b8cbdddde
final_0461,1201,True,95629db277459a17d27e7ebfa193b73f8444be8dd3e2dfbbde5f6b8bcbbf46b0
final_0462,1201,True,854cdab24598488ffd94a924ece73fb15f638d46f5594a50cd59d8a49807e5ab
final_0463,1201,True,bdce7e412fe6f9713f13b5f53c53cc423ca7f4d0b0927c9b5b6e2c30fa4fb14d
final_0464,1201,True,c2dbc1833b5bbedf49db92574389752b61f313f9c0d6315bef924e090a2e54c5
final_0465,1201,True,06264a97f42f8f47231fe93ef9c3702b10f9a73d27dcee2c9753f87c3b6dc897
final_0466,1201,True,c09197d3132810fc96f6ba11e5f218392fa33812fa9d41a424e3745e1d0cdcbb
final_0467,1201,True,2fd15cb01f65188ef855665c59e8a81fea062d745c03e77370b7c124993fee10
final_0468,1201,True,8c43d958f6b8f757c86a4b4274beca80d2ab67b5c437739db4a891c32d18ca4c
final_0469,1201,True,0a633389bd95519ed0d94c66607b2ad10ba0e2f7f68872fe023d05bd148c47cf
final_0470,1201,True,38155cfe06837aef033300486af3deb0ef726195bb3090cb96dcb0f185e4fb90
final_0471,1201,True,77b671d6b72ea11277bc3ff7dee5f68d99ae373eefb8fe5517c61173886f66f9
final_0472,1201,True,21edce569e7fcb17bda580e3476c70e713dd934dc7282aa11e324fc564d2c52b
final_0473,1201,True,a09dd55dfcb91edd6d648de7f0b3b3d21296f5305a471b7c6ff86bf9c8afb636
final_0474,1201,True,430704378eb3e1a9df98c85ea28f059630559b2ed126024615197ff3b18f8f63
final_0475,1201,True,9c2b6ee5b0e55c1bfa8f05c2d84018a785a08b6ac0f366ae36b7e9aa48709f77
final_0476,1201,True,9ba66eca8fe6be3f307a2f7f91ab118549a05c8c454eb1f31e1fd0688b601669
final_0477,1201,True,980d0d4e1890bf0bf4ebe2f0e635611237fa8863e690c363576219b2818042cc
final_0478,1201,True,7b05c8946fde849892e180fb0c89211425142ffbe341741d8ccf6f27a4c27a72
final_0479,1201,True,12d2f32c83bc534aba5ee6a35a31f0f6058ac19d1ae887fe0b7ecbda836bab95
final_0480,1201,True,51426d6c317ff68e0681172c6c4a5af93c3a71d4637efccaa413c1438cc67698
final_0481,1201,True,27336a7507b8d1c1d28541bf6257327c476c8763362a18a2ee5ac2fad9186a19
final_0482,1201,True,a36bdfe7449ce4207eb9f934575ea7f9673fe285171447f1199b26e6aedecaea
final_0483,1201,True,78e0f35224820879d29beee6ffb4c89b2a2ac007998e433768e9272a150994a2
final_0484,1201,True,b024b22e22ad82539253a7c7c91fca63a7968321af1796a4eab4576ba797084b
final_0485,1201,True,7ebde4ebe5def12bc7d4ae3d4dff9432ab31d3ad4f1637b43e23bdd97676b805
final_0486,1201,True,3881e0bf31e1fbdccfb1439fab29e84c365ea124fcd4ae9a6abd062651871d01
final_0487,1201,True,fdf5f7647e077eec751a1b28f90543623ad88b69d7f2a2d8c69ef600780ee42d
final_0488,1201,True,7d30d18410b0b9b6f7c1cfdc1db54f8081c693335bae13e4a450465c7ec722ca
final_0489,1201,True,872be1911011d3f842a343e07d89fb39f545d1ad03f99d3aec82ff901b8bce30
final_0490,1201,True,a1f86b46c9a6b4f0bd1db916506c637a81738f2880730c90f628d362d9dae818
final_0491,1201,True,3d5e9376cba50787210e5ff01f1ddb9a6417ae14f2a0d2772e37c5d161262fc2
final_0492,1201,True,06a6dc47be48f94d6b236acbbda0b32f6fc57f910c18f527b915dc18b594b514
final_0493,1201,True,7a9038a552d50325ed47a97f5dc92043dff0bd7402fe8668e02b254b85eec1cd
final_0494,1201,True,650049b83d9cddbf5bcb83a9ed873f3eecc9ce6f6dde3bb80dc17725c2e56d06
final_0495,1201,True,07be3caec7435dc64cb8ab98fe849cd76333dd679a248937103d3efd4e78b3ae
final_0496,1201,True,dd8244396323f1f3434b0f183d4643b3665f33df26067030e8aefada981f7b02
final_0497,1201,True,a26dbbdd02b8b7d9177ea0b35cde6f31d3ce503f6fad0fae88b3593897cddff9
final_0498,1201,True,ce8748664595a2fcbf7d990cf983e11e9d1f18cb679078c4a30a5196b19a2a68
final_0499,1201,True,7281db97302b17f03c6b32cabef74fc7c37706daa35bea7f46ec601a9ed16f4f
final_0500,1201,True,123599d5044c0070b09108db9695979526c4b9bb32e214fed9afe361a754ebfd
final_0501,1201,True,b2bd43cb3988218a73850bfc05838e6e7ab6f3c3ea7ce517a69810ee0d4b289b
final_0502,1201,True,30fccccf3af0dd0bdd7f90bbf7a7fcfd4c6b29741bdc4ecfa1b0fe534158c003
final_0503,1201,True,c716459d2985b9c1e8e8d08a5e1f35718cc4903a65bce9547956b7236ec18796
final_0504,1201,True,55e0af88df5473017559231adbed50c9e741916d3bbcac3eb10bff043876b049
final_0505,1201,True,eded7e03f3a2b4d876935c64442b157b649e39b016e5935fa222b58289511471
final_0506,1201,True,aedaeff20566f411424a794b3486ab0188c6035ed6da8af047eb7e0995f38582
final_0507,1201,True,864c22a3e53278cd528e156616db1deb14a778ca3d39c2c7a810e68dbc03e1c0
final_0508,1201,True,8ecf39d84c15de35a138e9c7671376be9532dbf60c39f18d37eacd7f0ed5fd1c
final_0509,1201,True,2a2000528d93f7350d1df41eed055dc333f8e76b044e13fadfae7e9ec8ef6b24
final_0510,1201,True,7ac7e6760bf33b657c0c740c52db0c92f149b54be5863011c3c96c30656ed820
final_0511,1201,True,a4c6020d1876199f2269793676e9caf3e17153552bff5c7e7088fd5333f48377
final_0512,1201,True,cdda4e549ce8afedef2163fd7b641c9cc6788d5cb0d4cd28fce3d0ccf56360c0
final_0513,1201,True,bc03e77086ca0d0bcaa2210e7383a8bf94f8b5b85e58036f9b694539122be560
final_0514,1201,True,340bfb8d565d7bb115969dbdc991044b00a50da84efcd9462d4f2de49045eedb
final_0515,1201,True,4a1e1ce7205c3d02249858ffc0d9fcda412b07a1c51afc1f1d6a40de509c8f5d
final_0516,1201,True,3abd1428ec20ee002209ddb5e0451660557902df0e88d2b03a5ad520f6a27697
final_0517,1201,True,4ab0c431372e4cc4878e837b60a414bdbede995873d0531d6758449cf62eef31
final_0518,1201,True,8052646d7a3377bfd5bc61219ae42e45e8692bf4eba8680bf3c530603e88333d
final_0519,1201,True,a317d20f68c022bb242333fd83045b9b7b4098821d8946e7bdf72f71699b1417
final_0520,1201,True,16a4d5a8e9f953ced498399391c659d7110841b7810fbddd7bddeb49dd5b2607
final_0521,1201,True,81282f76a621961a3e42e0b3676c27f56d2e3acaed6e981433aecdf167e0425c
final_0522,1201,True,b9deb5e64010e8f635656fba6ba393285e2aee61b3b1c55705affe8ae5e9e778
final_0523,1201,True,8bdae400cf0502300bdba54857103d43c7359a622aef42d7fd7457b0fe0f83b1
final_0524,1201,True,d2588ba1243c253517535003cf5bc317989e3c6fc9fbe836299b10c44621b779
final_0525,1201,True,8490085d17de16034f51481fe0935bc2c9defb1765482c6dd6f8620ac7c24e3f
final_0526,1201,True,19fb356171d379d9778121b5d634435dda40a1dc48bfb19cd4956eb95f9f7e77
final_0527,1201,True,10e36e5c1fcd06545c98adbc0e7e684dfdab0127a86c54798510b303961f6822
final_0528,1201,True,2bc9057f516fa11827ef9ef0446e2e634e369aac884fdbc716d540cda9483ab4
final_0529,1201,True,5425316e42555747b275b9d0450c23604d8eba08eabed5a388a376e128fb38ac
final_0530,1201,True,63b1a3cde3e4318ee958a896545e1295e8319fea7b9b5009eaab7c5d4222d18b
final_0531,1201,True,f35093f86c3e44c2af090e1e39b203f4cc7a9e32908d5031e49579b6b78efbee
final_0532,1201,True,6e9f82944fcdcc3836db9db27bf0ba0d5229a4545f631e2badfa0c032f4eac4b
final_0533,1201,True,4116c865ba3a5da7eb42cbf4cd6eb0af2332b41b6abf7848681a3ef0ddb13851
final_0534,1201,True,67da669f48b27cc7ff7ed06a3027b17bdab2d712d9609db8d33619c1dc07a95d
final_0535,1201,True,1985ab930da56d5af0cc701db4ac36f052316cf70fdf1d8dfd1fe9d0b2f64a4f
final_0536,1201,True,ec5aa4a86ccae39faca438d24ee1d79a58851f40ac36669fa8da60e2d76a3b92
final_0537,1201,True,113f8de14c24edf8c3b03ede55a5d6ce71997ec930acf16bdba2b0683bd55050
final_0538,1201,True,179c179436cbd68168645304f33698e747fa13452aceda4af283aab4a967dd4b
final_0539,1201,True,23e9da7a7fee2ec9e6739b83c9858c3a8d2145b169a47bdf151525771c6e02a8
final_0540,1201,True,98a11959f7b8b1e816ff6428a7dfae3723b09b432ffb4023208aa01bebe07360
final_0541,1201,True,bcde62a87ffd7dba8d6be5076e38d246f7da9af71b308ba55ed8ae09047300a3
final_0542,1201,True,fe0d3850d58b3df0746e34be7c8419300c987ca9a308a6630b96073916ff6f58
final_0543,1201,True,78f8cc2fa198b5b124afb1257becb6592e3b278835bb5f2d1dc31c5161962262
final_0544,1201,True,de17aaf4e438452f1a0be9ded62abe23e8e5143d543cd0803d712969dd8bb2a4
final_0545,1201,True,41a2a68e8ea021eeb90cc7677d83217b77bf2049ebc800567d8115aa47ddc6ce
final_0546,1201,True,f2d6012e93e2db0bd874549f23f1888f412bb150564b249a0ebbfa5238dd7035
final_0547,1201,True,375e0a6e8711480898137ff03e90099b3a18b5abd6a9e2a8d860333afc2685d1
final_0548,1201,True,9d1bc205c4ef92614743fb0c89b265507fadbf76bef55d50f8d2b83ba297b96f
final_0549,1201,True,79990ac4416040160e324077f967a19a9bd1b61bc3bdae96bb4509c2a1e291ab
final_0550,1201,True,78d30253f307810c78e46f9edd7f9db13a45b34b27ac9c333099429fe5d7c841
final_0551,1201,True,3d104c768e9118f174882bfe6c0e0537146b5ca22cb8c42aa955bd9bc5e3e492
final_0552,1201,True,55e0af88df5473017559231adbed50c9e741916d3bbcac3eb10bff043876b049
final_0553,1201,True,eded7e03f3a2b4d876935c64442b157b649e39b016e5935fa222b58289511471
final_0554,1201,True,aedaeff20566f411424a794b3486ab0188c6035ed6da8af047eb7e0995f38582
final_0555,1201,True,864c22a3e53278cd528e156616db1deb14a778ca3d39c2c7a810e68dbc03e1c0
final_0556,1201,True,8ecf39d84c15de35a138e9c7671376be9532dbf60c39f18d37eacd7f0ed5fd1c
final_0557,1201,True,2a2000528d93f7350d1df41eed055dc333f8e76b044e13fadfae7e9ec8ef6b24
final_0558,1201,True,7ac7e6760bf33b657c0c740c52db0c92f149b54be5863011c3c96c30656ed820
final_0559,1201,True,a4c6020d1876199f2269793676e9caf3e17153552bff5c7e7088fd5333f48377
final_0560,1201,True,cdda4e549ce8afedef2163fd7b641c9cc6788d5cb0d4cd28fce3d0ccf56360c0
final_0561,1201,True,bc03e77086ca0d0bcaa2210e7383a8bf94f8b5b85e58036f9b694539122be560
final_0562,1201,True,340bfb8d565d7bb115969dbdc991044b00a50da84efcd9462d4f2de49045eedb
final_0563,1201,True,4a1e1ce7205c3d02249858ffc0d9fcda412b07a1c51afc1f1d6a40de509c8f5d
final_0564,1201,True,3abd1428ec20ee002209ddb5e0451660557902df0e88d2b03a5ad520f6a27697
final_0565,1201,True,4ab0c431372e4cc4878e837b60a414bdbede995873d0531d6758449cf62eef31
final_0566,1201,True,8052646d7a3377bfd5bc61219ae42e45e8692bf4eba8680bf3c530603e88333d
final_0567,1201,True,a317d20f68c022bb242333fd83045b9b7b4098821d8946e7bdf72f71699b1417
final_0568,1201,True,16a4d5a8e9f953ced498399391c659d7110841b7810fbddd7bddeb49dd5b2607
final_0569,1201,True,81282f76a621961a3e42e0b3676c27f56d2e3acaed6e981433aecdf167e0425c
final_0570,1201,True,b9deb5e64010e8f635656fba6ba393285e2aee61b3b1c55705affe8ae5e9e778
final_0571,1201,True,8bdae400cf0502300bdba54857103d43c7359a622aef42d7fd7457b0fe0f83b1
final_0572,1201,True,d2588ba1243c253517535003cf5bc317989e3c6fc9fbe836299b10c44621b779
final_0573,1201,True,8490085d17de16034f51481fe0935bc2c9defb1765482c6dd6f8620ac7c24e3f
final_0574,1201,True,19fb356171d379d9778121b5d634435dda40a1dc48bfb19cd4956eb95f9f7e77
final_0575,1201,True,10e36e5c1fcd06545c98adbc0e7e684dfdab0127a86c54798510b303961f6822
final_0576,1201,True,e1e810be9fa9371f45501d4b29b9cfedafddd64e058a2053249ddd4100d98dac
final_0577,1201,True,5bf559de2d2ba7282a2be8f90ba672c9d8111a92d3b48e871a0c3c2b63b989f1
final_0578,1201,True,4fc1d822128ff23594b28776d9590e89c01ed3a5e173ba618e4d04e2e233d3f3
final_0579,1201,True,62bb7637085bff8243b1b8aaa87732c2455d0ddf88b4b32cc28a086695b4f55c
final_0580,1201,True,879de4907395a45ef67a6ef166a2bdb7b1add9b14a60eefd67d81a413c730839
final_0581,1201,True,74236eed096ec8313f33d70d7bb8ff767d408f8eb3bbce7105b6cb18637867eb
final_0582,1201,True,39e13bd36fa6d6b60baf208d3ca3dfe4de018221b41267dced2ebd05a78f0e90
final_0583,1201,True,53b4f16a266a549723f858e165a7c2dfb7cc0a7c29192982ad639d51d66099a4
final_0584,1201,True,254255542f3a6f15aa3eb0e7df78bd9c4290baea33747cdf457b1abc82b22707
final_0585,1201,True,91ef0dc2070c30dbdf46c0663bcac4990cafe6105b9624a9477272ad9ced11ff
final_0586,1201,True,80cba8594ce218a9ebaa45248569f8d92bf8d90d94742654d3cb3fff50621fb4
final_0587,1201,True,e522067bf551e787fa032dba91b9fe134d668f1946581276b23f3e238304271c
final_0588,1201,True,9187f31317bf07adc6c88f80ecfb91e17299742f88571b5ed665bb022289cd69
final_0589,1201,True,9279935ebcfd3e0bbbaed8145e380e35f8f43086643864f2228d0a20d275b5f7
final_0590,1201,True,d64d9e981fc984207c9c888710b37b4a047530858fa52dba4e59cc619619915f
final_0591,1201,True,9c1363650567ccad5867af9f204980196b45b29f275352165ef239c71a6be65a
final_0592,1201,True,a99f07f77ed934eeb46db36ba04b2b7fb65a734e12035d743ec92ffaec9025ba
final_0593,1201,True,f639a15b1455deec44efca0fecac4a12949d6dd5b5b60941b72165b369841df1
final_0594,1201,True,fe1d9df1c23b2eb02e04e54fe5e9a1c030334669b9eb477b5a4e4d8f32586199
final_0595,1201,True,7b1eda81a442abf322add9802eef334cf5010c79af938ca8289bd3173ba61ffc
final_0596,1201,True,37af6bcde34785ebd1906890e50b78244cf735f4cdca0896659701a6b3ef8804
final_0597,1201,True,ecbf0a06500bf258df3d8f79b20059acc25b7a75801bc1110ebb4fc491dddd22
final_0598,1201,True,7b9288450da852bbd8b18bcaa5f7c2f45560311f88d14915a26e401bcaaeef37
final_0599,1201,True,e8c873dda3613bc392d4a56d3ee545ea5f985d7f76e6b2a7f4be4a577e0f30b7
final_0600,1201,True,3c39bfff15dfd2587d2bd74ac83d17f039c6fb2e273e6e1e2a1175dc15a8da1b
final_0601,1201,True,7b5cb575e6cff57c4c113bc887105c0d4b30df9ca928ebc133ecd435c6a9a7bd
final_0602,1201,True,5a0d6b8738aa68e91493a2d20204557d5f62a1b0f9c91405d6cc88caf1ed70bf
final_0603,1201,True,e050fd640bc1b3dd47d121c53e2dd0aa6b10f31ae2ea10cddeb3b891a03b5074
final_0604,1201,True,10e84b2b47a7c02a810a73821de45e9a5145715622f60abae92f0d3fdaefbbc8
final_0605,1201,True,f58ed072ecf7a246c2a916058d050fd58ae59d6e6c60f1e86142c1ffdda50558
final_0606,1201,True,94a0a51b03e7c1e17595989783e84578bbec55ec41d907595c599ff350705991
final_0607,1201,True,6299d8158a7b0e6cb4c970559cda6f29ab71e9b27679332bb932e5c13caaadef
final_0608,1201,True,85a6722a0e9b1357123438d5a0aa0c066af5ad6ccc40810ac5b1683fb608fb18
final_0609,1201,True,0349779560148221b05dca2a49aa07626ff191599552bb696a278ba2ff7ef61b
final_0610,1201,True,f31e2aa41ac09bc32f0beb57fb1f8a286b4832641b2a1d921f25908d655c7f43
final_0611,1201,True,800e519deac323f662d01cd80636775a483d99f9313607e4e0e010d6db8230ff
final_0612,1201,True,54a8c1f423a912bbc9d622b7ac43f4a4a2ae61eb15b0088387436ed4a781e05b
final_0613,1201,True,7e81a14fea84f943bca4b64a2ea5f7e9ae90d0f93785f60805aa46051715e0cd
final_0614,1201,True,96ca1fec22879623ea24ae91946c130524ca44e6b222225a69cd075a2c360de0
final_0615,1201,True,d76a95389dd432c5c6cc07214ec266bae067ad383536b484b534f41d68e785e2
final_0616,1201,True,99cba519c099ac4003b93399a931c7a46d5045a63d84ba777d4b4ff93a3e7397
final_0617,1201,True,a18107c5200400b5e60b274c2a854c213c3e0577f7bfbbde0f41561627d0e0f9
final_0618,1201,True,e59b7e822978a595cbf39334031cc20578f663e59465ca5c7b34121e8bf2f702
final_0619,1201,True,38f5018eb8808365b2bf07802f3aa7f0c9cfd3879e9a3ad6071e72d8cff54627
final_0620,1201,True,17a97fa7a3dbdd439f36b7683ce79774174e62fc473f522137617222f06a1a99
final_0621,1201,True,418c46433b85e344514a14f4e004a07a561e99d6c58613b53dc397e885329130
final_0622,1201,True,8b56ba7faba995cf79d7089eea21fb44ea2ce18e2689b853a86e74655cac7a62
final_0623,1201,True,a24c1c0decaab9161d95053246fb49b035d99e277f8f2273a28c0c256ca25737
final_0624,1201,True,e1e810be9fa9371f45501d4b29b9cfedafddd64e058a2053249ddd4100d98dac
final_0625,1201,True,5bf559de2d2ba7282a2be8f90ba672c9d8111a92d3b48e871a0c3c2b63b989f1
final_0626,1201,True,4fc1d822128ff23594b28776d9590e89c01ed3a5e173ba618e4d04e2e233d3f3
final_0627,1201,True,62bb7637085bff8243b1b8aaa87732c2455d0ddf88b4b32cc28a086695b4f55c
final_0628,1201,True,879de4907395a45ef67a6ef166a2bdb7b1add9b14a60eefd67d81a413c730839
final_0629,1201,True,74236eed096ec8313f33d70d7bb8ff767d408f8eb3bbce7105b6cb18637867eb
final_0630,1201,True,39e13bd36fa6d6b60baf208d3ca3dfe4de018221b41267dced2ebd05a78f0e90
final_0631,1201,True,53b4f16a266a549723f858e165a7c2dfb7cc0a7c29192982ad639d51d66099a4
final_0632,1201,True,254255542f3a6f15aa3eb0e7df78bd9c4290baea33747cdf457b1abc82b22707
final_0633,1201,True,91ef0dc2070c30dbdf46c0663bcac4990cafe6105b9624a9477272ad9ced11ff
final_0634,1201,True,80cba8594ce218a9ebaa45248569f8d92bf8d90d94742654d3cb3fff50621fb4
final_0635,1201,True,e522067bf551e787fa032dba91b9fe134d668f1946581276b23f3e238304271c
final_0636,1201,True,9187f31317bf07adc6c88f80ecfb91e17299742f88571b5ed665bb022289cd69
final_0637,1201,True,9279935ebcfd3e0bbbaed8145e380e35f8f43086643864f2228d0a20d275b5f7
final_0638,1201,True,d64d9e981fc984207c9c888710b37b4a047530858fa52dba4e59cc619619915f
final_0639,1201,True,9c1363650567ccad5867af9f204980196b45b29f275352165ef239c71a6be65a
final_0640,1201,True,a99f07f77ed934eeb46db36ba04b2b7fb65a734e12035d743ec92ffaec9025ba
final_0641,1201,True,f639a15b1455deec44efca0fecac4a12949d6dd5b5b60941b72165b369841df1
final_0642,1201,True,fe1d9df1c23b2eb02e04e54fe5e9a1c030334669b9eb477b5a4e4d8f32586199
final_0643,1201,True,7b1eda81a442abf322add9802eef334cf5010c79af938ca8289bd3173ba61ffc
final_0644,1201,True,37af6bcde34785ebd1906890e50b78244cf735f4cdca0896659701a6b3ef8804
final_0645,1201,True,ecbf0a06500bf258df3d8f79b20059acc25b7a75801bc1110ebb4fc491dddd22
final_0646,1201,True,7b9288450da852bbd8b18bcaa5f7c2f45560311f88d14915a26e401bcaaeef37
final_0647,1201,True,e8c873dda3613bc392d4a56d3ee545ea5f985d7f76e6b2a7f4be4a577e0f30b7
final_0648,1201,True,83bb5cc00168e2f9c7d1a26841a8f0bd8f09f7c8cf5c7cad7c0188dcaff380dc
final_0649,1201,True,011e8abd70a65469a9095883dc113abb8aea58c1ab5c3253d1a1eb6149c6c2a1
final_0650,1201,True,2358bae0b32118413e70f330e926f827c2f716d9cfc8fba5cc8e26d78de5bb13
final_0651,1201,True,fbb8e4f8bd014e6b2dac7b7b50ff0f690edb86158f240a3838a8b8d754195944
final_0652,1201,True,8783aad97c4f55605f9943b2135b6dabe930fc5cbaa8ce7fa049bc4f4bc6daac
final_0653,1201,True,31934d0ea504a81a34bed1d1777b81c6fa012ce7d545e783894a4b38e65f1fbd
final_0654,1201,True,02c91cdd854593cd1de739421e49e179a8d12143e7bcb1990f0519439b2eac98
final_0655,1201,True,cb2bc59158c976aa808839a1b1799c0549063064398ea3a67c6a41c0cf66e847
final_0656,1201,True,b6140a8bed8b12a0292c19f6f146f6ee71736cde330719bc03105063d06f155d
final_0657,1201,True,23399abe6496d3279918804b6d7bee063e15b5de4ea8e3f944842c5b6d08b0fb
final_0658,1201,True,396e51e530222a8b2b2b87a64840484107b6db55734fa2dc30e410b5b96987f9
final_0659,1201,True,1a27946930d7f9d23fbc503d6b47c0aaac9d1a98a031d657bd18ef9b0bb59df3
final_0660,1201,True,aad4eea023a3b69faedfd91b355740d9566ff31bd3dd0d2f03989601011da2c5
final_0661,1201,True,9a80359e6a31a638837b9758f3e3902607b8286b6830a0e719c47a3c33e39da2
final_0662,1201,True,9a4b99bb04ccde7b7f9d0492a5939da41f739922b3feba1eb4a81e03e206db09
final_0663,1201,True,042419f07b30a2bfcbb59ba274365f05d68d15c4bb232d55928e9ba79f4e3808
final_0664,1201,True,6198bf6535b6345193f011d0627d498fa07a4bcd76cc56ddd07f00eb60c7ba96
final_0665,1201,True,df78e2122641e8e032435a72e6fb2cdaeae6cdae2760bdc84cec9d8893d88701
final_0666,1201,True,3bb983c0aed8cc846749ac4c2d097de0e978edf0896fcfcdd5ee84d86a684652
final_0667,1201,True,1cb4201a81a4a648e4625ded29719e9dd94b62c80d5cfdf3b9888ea2b21a1c27
final_0668,1201,True,b2ab2af4e65d63885df1b7508224e210709f4f65223f62afa582ade692d80ae5
final_0669,1201,True,ca0eab278c1958617b3be55cab3cd45c0066818729adca37017a222a057edfc3
final_0670,1201,True,0068247e2774a99a038c8f4da9600043ae3cbf822b80006296aa7a989a0668d0
final_0671,1201,True,a07ab68e9d4035e9e60f2e514643877dc70a512ea769383f8eb286446e491fbd
final_0672,1201,True,0a50c56b7fb116f26afe08d331054dec932bee79249da647ea72af80f8921604
final_0673,1201,True,d3ad7c29c04120fb7b9ebe58841ad08cb4e862537385b4593a663248d0e5cec0
final_0674,1201,True,2a172d0e539ecab4800cec043d3fe9057797391edc95e42273e8fa824f35ffcc
final_0675,1201,True,a15c44edbfda76dbaf4c38a765eb46f31a5a659c308f3c1c3994b492ad794191
final_0676,1201,True,1a1719c2ee1156dbf7de19d78d03f10e19569b703c1dd1429adb6e5406fe11bf
final_0677,1201,True,375f67bc1fbd77b56d3b6dd7eaf4d1cc0a743e2d05f5ccaed290fa1a1fa41670
final_0678,1201,True,a224da5e09bf63973112f9cd339352c6ca7f6bd7ebf844de8c7ed3b461b6e18e
final_0679,1201,True,b11e9a6155cbe505b98c49c55209ed8ffe8fba6dbfe538ad96471faff11f891d
final_0680,1201,True,e2babb3919e8bbe980a9f593407c452447b6a0973a8ff1a0d523877f556b695d
final_0681,1201,True,321221094abb00b0e4981da8e7497db58f20d4e79db81b50c8aaadfdec29fc15
final_0682,1201,True,09a4eca6a850d469e26d7db70e971aa690a39d3f60237564276b869aae49124d
final_0683,1201,True,00c5546ffe1780f52b9c8ed6f4147f0e193b54a883a5b558ce2340037b67e5aa
final_0684,1201,True,40aa2332c62b36c6b79306eb3fbf67d4f8c5462efb2d9b4650b33bbf36932408
final_0685,1201,True,16a78424dc76230e6662f9907d49cfc78abdc11f23aea4b06db76c85e410ffaa
final_0686,1201,True,f7d751e76cd7788ca518b0ac0f30b217f8614055e723c2c7b79f29954d2eca25
final_0687,1201,True,a372257db196a37fbb0325a795442bd93bb6dd8b53fbac4d6bcea829970aca7a
final_0688,1201,True,7f8b9cb7c2084fb79072b99ab1c143c8643a3fdd422bbd2110af0757fbf9d797
final_0689,1201,True,090f6cfc52eb9300b435c62d00071b045816136a586ee9769523dd9ae93af97e
final_0690,1201,True,b57a7373c79433f749e683d66a211baf97f1f184810122b7be7ff1966c7baba0
final_0691,1201,True,e2fdd846037964a0e1e6a5871fb07ca81d68468fc9af41b4f34607d96c519c0f
final_0692,1201,True,ab1019af768619aaf2a73724ec2aabf3e5bf03ba5612d4f66a21c95b24335605
final_0693,1201,True,a32856aa790f1337d598622bd3b69955492e6f17e9c7b525deed2bd05cfeb8ad
final_0694,1201,True,66919821e22aaef8e1e66f62a89ce9443e838ec0b36c4ce53efd25a73fb37c36
final_0695,1201,True,cf21673c7fe339276cadb9dd308bc861ae08686d38e0d35bd62ff134c7a201f4
final_0696,1201,True,83bb5cc00168e2f9c7d1a26841a8f0bd8f09f7c8cf5c7cad7c0188dcaff380dc
final_0697,1201,True,011e8abd70a65469a9095883dc113abb8aea58c1ab5c3253d1a1eb6149c6c2a1
final_0698,1201,True,2358bae0b32118413e70f330e926f827c2f716d9cfc8fba5cc8e26d78de5bb13
final_0699,1201,True,fbb8e4f8bd014e6b2dac7b7b50ff0f690edb86158f240a3838a8b8d754195944
final_0700,1201,True,8783aad97c4f55605f9943b2135b6dabe930fc5cbaa8ce7fa049bc4f4bc6daac
final_0701,1201,True,31934d0ea504a81a34bed1d1777b81c6fa012ce7d545e783894a4b38e65f1fbd
final_0702,1201,True,02c91cdd854593cd1de739421e49e179a8d12143e7bcb1990f0519439b2eac98
final_0703,1201,True,cb2bc59158c976aa808839a1b1799c0549063064398ea3a67c6a41c0cf66e847
final_0704,1201,True,7a7eac5e12921213f5feba33456bf45ef773bbbf88521745b412dadcc6cce037
final_0705,1201,True,981e00c2f2b562dcacaad41f678fea0fa78cea076d52a90997b11ecb8fbe1a9c
final_0706,1201,True,eb7a0d1ab43f228e385a902ab1d73d731cec4dff701fc0759e24922981e6d33a
final_0707,1201,True,d8abf3bdae9ad020aff44948e854117e23af6d612050264ba77a3c65b4687d2d
final_0708,1201,True,e4dcfd89b4f8b91ac873f0413c687923f2e0977a57d7b8d1d21b4d06a4a401b7
final_0709,1201,True,c8b6f566828112a8e765eeb9ebcc690eee7310f80268842503bc63660f7a476d
final_0710,1201,True,d4df34a4b85db182e81379e18949db137f490e2c89d30fa3d3058acea5611b4c
final_0711,1201,True,2ba62f25665934f42ae6fc45e71755972c310e9ab156d56ffc992c8c2d2d62c9
final_0712,1201,True,93040ca1b4db0b920a62d3daea839e93674f810da417be9fea8d52ae63c55660
final_0713,1201,True,81b28007ed234cea45ecc2d21116d14a16b499d5ddb4b3633d9b18169c5722b6
final_0714,1201,True,9acc598e3867563470bb5ff6495b92cf5e9a69022adaf72ef3751f84f80b7b44
final_0715,1201,True,656a4f6630d1c9926fb952881e38fa54b2b79c7a0143ee75db837d416f4856db
final_0716,1201,True,f562109c13b750c3ba0ea65d951eb507b39c6f996baf8f61c493c9aaf9587a91
final_0717,1201,True,55f5301745494482ca1b821b00a6ff831591818eb12fdedcb4e9e0a78aca413d
final_0718,1201,True,906fbfee9bf3fe3805300dc5dda62fd1258c191bfb01872860e91a1a87da3c1f
final_0719,1201,True,9ac544cef0a2a20a9bdf60090d0a33fa4c7d1fc87da00f3eae433152fcd8e011
final_0720,1201,True,2b33a11c897686c0d0dc56d69ca1b55a44a969faaff00fad3be821753504d36f
final_0721,1201,True,84ad3c0a0ee41ef8e0ff82e2ffe1e750036904f1e1218578a8b54e4ba7e7f9df
final_0722,1201,True,546f5376e9ffe6e7ffbdb3ee978a23089d5bd2ea73aa684a9e58ba2b2ade5abe
final_0723,1201,True,d0894ce44bfe7e6eaf00a2e3f7b5d1159994015ef163ae47b404e815f98f5d98
final_0724,1201,True,f85ff62b82e3fcc114e886f9791896fbedca1a1f4653e285fcb5ad9b5fac776b
final_0725,1201,True,fe238eb9018fc036cbb2d01aeabe9ec41681e51c257b4e85660ffd63ca4a3604
final_0726,1201,True,39520dcf33a47ffa7dccc807f7a024efd7a8413ff17ba748143977cbdad589f7
final_0727,1201,True,e9c7c4973374892aeb97651c8f164948c72bc75f93882b4cfb5e8182bfc081c6
final_0728,1201,True,fe697e7a0edcf6f7747b512d1b3564281152095a6494167596d87f6719ce0cb0
final_0729,1201,True,f32f82084b2333804c6b880de46a14320a965b27271fd836f770349f57742a89
final_0730,1201,True,569f589a96dbba395df8cf73613da7468059e78ad3ec851450a61eb38d5343a8
final_0731,1201,True,4c4a0d303f209dda51733f674c926ff552bd95e51a9b708f98ad2c97e7dcfdb9
final_0732,1201,True,6a53c6fbaf9d20f0836b8668c268348b760f13e20827d8136e3a9640d6ac1499
final_0733,1201,True,5670d6df14f329da5730909d4fb325ec7b7cd29358ceb0268f7d93184058388b
final_0734,1201,True,f9ff138db1c468748cc43f816bae12f84820c81649c17b55fba05fda3ced8cce
final_0735,1201,True,c102b7adbbabbff5f91d34eea9777522614f6a009804fc832a527dfa9951bc7e
final_0736,1201,True,454560c3efdb12eb5a245a9883e0bbf548ffb39274e0e9a583dfd8b0d969ed96
final_0737,1201,True,850f2311d245e4eb75480622737a03889057dabce083a0af844d94d18088d728
final_0738,1201,True,a4f3dba8005f2ae3cffefa0e9d943adecab48049141284186248950a257ba2bd
final_0739,1201,True,370dc6e79889a478d3eb7c1fd26528c7cdd8aedf433016bc710d9e08b809c0b8
final_0740,1201,True,c1c9d42c8c89f9e5aff53e3ab6844169e7f769315016fe63c2da8a0ffd436a04
final_0741,1201,True,d7a64c2e880d463ac130053a37854fd3af1353eb3b1833955fe0d956a3edd789
final_0742,1201,True,3e5133118af5fdde2a522b85f906709f2db7c566d9b20c2e1fe5e92094258a97
final_0743,1201,True,d9319e80d2b826f911fbc67bf33db2361ea6e63648432ede2ecf0f19dc801e81
final_0744,1201,True,72e75065ec697d2cd76e991d448e838d710ecd40c8ca5bf9088c5a4a860fa6c8
final_0745,1201,True,e2ccc09d3a1768d42303ddc75409fd025b562fdb68ae35cba16024801e258a65
final_0746,1201,True,fb199c11980c1fd32005c375fa0d858c36bf4e73a31aedb6a309c48c211a5102
final_0747,1201,True,eff9ca6301f7435458e9236850cb63d36ba17620394a506363b1015325521457
final_0748,1201,True,27f9d9f2b36fb485422e3afbf2b58fc20422207fc7c79c3904217a1b059e3552
final_0749,1201,True,074ef498e12b1b75a1dc4e1a02eda1cbab828ba85dc616cf2c0a4193171e8b86
final_0750,1201,True,1bf0a1118e39729fcee6325cce328ce0612815628e8e8227f4c9c2e77f6bd30d
final_0751,1201,True,535e4901c5583d355e4dc9b871c92b1b272ef095903eb1126e7e7155157c1e21
final_0752,1201,True,3d177b12c645d0511333c0730f9621c8c7d61a8972501bf391237e154f67e052
final_0753,1201,True,c1b342303b10c9a86082ddea0adb096f5c332b50e23d525877302edf0d392c7b
final_0754,1201,True,5d35f17f0d4d665768f2c134fc78c160ffa120e7137abf700947c8757651f76f
final_0755,1201,True,b828236d40b5244173d82c9f261ee5c29b10e83cc19448cab68ebdee3c36e9fa
final_0756,1201,True,81ea163b069624e94424c390af5bbd75994cac205ca3e911cd8e3936d9fd4b67
final_0757,1201,True,1b15f7ed688e9753b6c76c0ee79f834ea2a0252a6ff325ccfa6c3efbb12f6ceb
final_0758,1201,True,b4573290f2da03da4d6419ee682f552a0b5c1fae116e2b4972a7195f6c6e1430
final_0759,1201,True,0ce9841a0fc68869cc4a7d1cf927e19fcdaf2eb48795b40e4efb09c55a0f2585
final_0760,1201,True,fc0fc9fe12d990e0f2547e1b20f1941e8b53dc22693d324ed69e0b5e8d6e17f0
final_0761,1201,True,124d7ec7462dc6a917423c67f5bc676fb0c20a8ab99f47d72e27a6f80588c5fe
final_0762,1201,True,f317b9309dd5157b573b2a7a883c40b72b99feed2915cf83b2a1911102cb1ce8
final_0763,1201,True,a9e918aced23a85a2c6e50e45aa54b0dbbce16e242b7e2376d45b5beadf6d925
final_0764,1201,True,d7ec6ede8d125922146f7a5c88f00d0366fed8162d3864cb6a0dde2dbf2ec6e6
final_0765,1201,True,48654f6ad0a3117cca6c769d60f0df47562cfb5633317db488d5ca723ea2c0cf
final_0766,1201,True,0fc45f3ea0c9e81081601b64552829d7e68572dd33286619e43738611f19acfb
final_0767,1201,True,b280304fd7005251f2b5f89a33242789d6e6be3392f8662f9f71c3bcb90bfc9a
final_0768,1201,True,ca219bbc06b8f48674d344e1911793ce5b1d17df893c314a5d313ac911fc01e4
final_0769,1201,True,29ce6132e1ab99a02f1ca054440d5c70d9beededca50a5ac253840cd33a29072
final_0770,1201,True,7ba3d63db5771a3edc8f0fa78484d35af83b2a2ad17adef3c7c40ae396820846
final_0771,1201,True,569e62c2a9fc8ef37fdacb5464deca43ee91728cad040c8ba3c9c49c54fdc16d
final_0772,1201,True,c2cdb4bac877b7a0f7b58fa6f2e3132e9f194e8f82c6f4cf91585906d3f8ff4a
final_0773,1201,True,96d35c0e21fc961a1b14ebc6978ebc5bc94764bd5dee72cdf817101ad7a97e22
final_0774,1201,True,6e5e9a1529afd8fee48c771f4d225ca6baec51d7e6e3c92de5b7aa4b6d808d48
final_0775,1201,True,59caf5471d75731214885aedf30402f2cd5b9e8f7fa90824a27e1687b7f50d55
final_0776,1201,True,ad47f1c283e0502f2f65fc6fb0a0a952f959349543c0a9c278468227300cc53e
final_0777,1201,True,d23c34be9dd0adb9867f6ddee83d3e8b22ce264ada6d0b7debc47ed82218f349
final_0778,1201,True,d70967eb9a7f99aa80a9d81919a0deae96e9b580036979eee52823b6c4244f30
final_0779,1201,True,9a026af6ed4e425ab4f1ee46254bfa1b1f9f706c9651b313693f0aacd7239750
final_0780,1201,True,95214a67a12ec66b23f0bbd317da9cad0339cf0b3f1b3e18ca575444fc73df66
final_0781,1201,True,b586c36f08ec429b227a7f6e8a0350df89cb68bfcb5ab86e59c7180afaca9624
final_0782,1201,True,1b3961c68cbbd551f6d3a4527a919d48e475ed9763633549572075c7b94d6188
final_0783,1201,True,446c61b066f73041ad89d0a2869a602de1f7ff1016ded350012e1095c948cb3b
final_0784,1201,True,7171d001aeddcecca4e4d3c071440892284e19fb6f29eefd3c4089974fdce3e5
final_0785,1201,True,928a89e339fad36353fd2ad37590d808ce19afdc596565d4659abd3fb3f963dc
final_0786,1201,True,025b29c75f38684728d468b8d0653e19fab5dd2a2bf714eaf565c5088daa42f2
final_0787,1201,True,665b1f153237ee2867fccc8e65b8c9455ed08db25b3c0d67b2c8ca6f59f307ed
final_0788,1201,True,2b0d261dceb31339daaf2545ba9bc59eabeb77693df3ece6620783a72cdd4532
final_0789,1201,True,718c877eb8ee0a6297871acbd1f15f4e9b03bd9b3db9d7832780f420dfe3567a
final_0790,1201,True,7f7327518d6912cc69cd9ce59f7c7ca7c2eec683caa0ecd649403c95c6a1f22a
final_0791,1201,True,3b63f06fa060caca2d745ea46f8c20a790ebbd2c569c3e715aa32f4808e9376c
final_0792,1201,True,f0abaaddb0842db89da0fb00fa61628f694d394eecdfa0261e11cedd824d8631
final_0793,1201,True,d5def210c844511279b6a06895ade662cddfa69c4bcc7d19ff3f1fc0baa9a727
final_0794,1201,True,1bdcb853ac80af39613dfac6e2c7d1628de24c2e0080a9a7100912fc9ace08b2
final_0795,1201,True,a2d8c6263581254831062932dda5b3218ca7e2dc1579bc33069f1e44827ca9d1
final_0796,1201,True,e383368a6eb667384ed65e49fa9640914e466643067c7f5e2420e612ecd8ecc7
final_0797,1201,True,bd570b7fe3de856303db107e212536b327a62652ef92f119f2fb0bf19f48fc8b
final_0798,1201,True,106572332bccd33c6b7150922bfd01c757c48476d9ee928403c90284143ebed3
final_0799,1201,True,a59e1e8d47c5f231807be55cb05e69e9581f4c6f0cabb7e56b6018e600781351
final_0800,1201,True,086b9091349df885b96b8b525b3a1efa355ae89bf66894ba754d5c39bb01f046
final_0801,1201,True,121d66021071709df2b9acc4c612ed7b2f12aa3297805abbfc1dc6af5b004a79
final_0802,1201,True,0c2606f923e644b06aaa880b8ee17585966770b9d5264ad6cc12769c72e741a8
final_0803,1201,True,861686868ba018bf7dcf5fdc1e30b6f8fb479003f011870a5f134fa064071303
final_0804,1201,True,addf5f44fe04e8d0850b046da65d7ac2ddcb9cd6c8ef4c12e7172d78df60910f
final_0805,1201,True,9ffbdbc6739224c0bf071e7fea4f289d13d1b1b261eccdbcf7ceadb60beb7253
final_0806,1201,True,1d6a9f282d74f73d2ccf6df44aa9c1c6d29ee1ebf6d80cc7f1fad213c3ee608a
final_0807,1201,True,6930928b622e4090ecbee59897d369bfddd87c6f97230eb93574f3ff8cda3604
final_0808,1201,True,35deefdf61dade32de101626cb2e2f3fd30a88ba8cfb8903da3ce8f58f6ad3b2
final_0809,1201,True,55d5c3cadc70f645949b16bd0862bc8fd873615063a7e5f0c4e89c64774def59
final_0810,1201,True,8f4cb6f5b6e3144938f8a243d4c52e515bbb352b56f30f26d242798e638e9ebd
final_0811,1201,True,7f6eb1c2d625f698a6de1d093e3521371723001d87078bf731a51e9a8100cd58
final_0812,1201,True,975da1e7b01d528f57d2ee17c288b5326b359afa5b0453e6d2f5e3634bff6e2f
final_0813,1201,True,ecba99ac3e699356a1a2b0ec4b9f9e52ff37498684bf94b5105113eeab687e74
final_0814,1201,True,dfe71f3843e99fcb412744a1c25f8ecdf752af4bdc0f456f0d29a4ccc6c46b04
final_0815,1201,True,d9c2189a40ab5c9cdae689a3806e2cb798e11b86f9ccd4525b072df954d0ebca
final_0816,1201,True,2e4788a20f1b8389a34b5c263e5d575c47c567a8c7e6afe5c87b52c68e0cd284
final_0817,1201,True,14368e6409091174da9a5dce8bdaeaf1dbb5c32871cca131136f777de51dd631
final_0818,1201,True,d3df33cfe86f6401f960319cc6b4bc549a055196b04294433a8feb6b986ae605
final_0819,1201,True,35961671dfc0fc258515720150ffbf06266f7817c85858a2483934493ad02586
final_0820,1201,True,5e2250aa890d090e44d54322dca7ee10f5f7c06c171685b31139bcceb1334988
final_0821,1201,True,66ab398bb0837283191cac717e3adbb69e95c2fe314ee805d68dec23166a4900
final_0822,1201,True,5d3270abba916c04f77b88b534d3b4ea27f9cfe046a5461cbfc1e788ea9062fc
final_0823,1201,True,8556c3e61c49e84ca631eb6b7a7bee942b2c61d23e4b5b8ef31e236aecf2d54a
final_0824,1201,True,07f77f849b8d8a216cf7d244c31c64c7f7f0429bcf22f1a4712935c8574ca560
final_0825,1201,True,b920bef312aebb84127d51951ddedeb4d4167043fe2fe3aa91903aca5b1aaacc
final_0826,1201,True,e5d2bfdda32b42aa1b968432f15fe6c0750534624a938a9c98a1937f1838657e
final_0827,1201,True,09ceefe227fed5e399138cde828faba1e8adac391e7bd05edd02ddc835d553bb
final_0828,1201,True,0ef4e2d5acae8c5dbb8d21b52d07c9044f9b1a050ccedc8496002221a172cb1d
final_0829,1201,True,e153e117e056cdd76da171abfba5fda61420580742b3ccdecef30a085b4bf053
final_0830,1201,True,5fbc85c906a8dee34087951e4fdf9593fbe3fb995eed53006c7fb45d349f8b94
final_0831,1201,True,f7963006dbccf4e9ef5cfb7f7b4c80b91094e85b847fdb8ff3c5643aafa0a911
final_0832,1201,True,e1c15c55bd34d4eab756a5fbc3b5ae1e4c55c0c13f2111aa52c70282b8c9b911
final_0833,1201,True,82a353280c6554f7de7b494140bfb2ddf9fc6c7b4f6e2d5ba5939e7a4b623e64
final_0834,1201,True,34c24f895075795347d2aeceb2e9770c71ac813c471245b147df63568053764e
final_0835,1201,True,cc49e4479c4ead7807d90e64938b40133c167d7ada86e840264725b8fbfd2fe1
final_0836,1201,True,eafc00c1beb2e79b2fa6a0b5a907b8a1de3f0a02419b05de9f8ab68c4a5ba507
final_0837,1201,True,ed79365504295445ea02cd47a8e702f16603508a76fdf54922aee0c997479812
final_0838,1201,True,6c7ce1cb7e1140e28d45a914a733ea19a424b5ec5baf710985ca1c1522565de8
final_0839,1201,True,a8d507a9264623d7c79ee2de09c475be3309380d1e90dc522dd02534c6806ac7
final_0840,1201,True,12a1de2ccf042366c468f0719a6e3e67d6faa5c699aae466eb96375f7593489f
final_0841,1201,True,7b7263dafc057923461368e7513bdd8c97f0f0858ffe22a7d34fce8fcd3cf726
final_0842,1201,True,20fd421ca5a8de68f88d56aff18205f72fecf57bd184995f168f62dd314ab21e
final_0843,1201,True,37f049380f06d49dd3798e83223066f67e66867ae2f5a1f7150dfe9e2c76a388
final_0844,1201,True,e4c2dccdaa4aa5aafc2cddf6eb681c201159801768745418c36f0e470557bdb9
final_0845,1201,True,b5c5f30e8e0b849666360eaca494c9b46024800553d529e3b1fba3ad79960a26
final_0846,1201,True,f36d22c88e5a1354183e7b3e764089e766385bdf3d535f40cb50d5c66ac05f7f
final_0847,1201,True,4d6e3f3de4cfcb8c87dbe8c562112402690f99c0612431e186ead5b15290b95e
final_0848,1201,True,26d3ba4c0feace185e4725da02a8c04c1b56d5c1654afb2aecd0a8d6e04bb308
final_0849,1201,True,938b542e447c3e80078fa57add4c68e65af114d2278d577e1e53ac8df4ba7003
final_0850,1201,True,97d58d58e0d637d8cf64c4c6ebbfb2c1d09ed7bb1dc47af4363a9d4800f5337d
final_0851,1201,True,fd956bdcdf0b4dd99259d50500514260b30c084556641907305be50360045552
final_0852,1201,True,0a17cc8e501e1b624e58174750454795d4e7058892f5b4be73db274a7db534e0
final_0853,1201,True,39bc91e48aababba331a6e6f79ee233f6917f3f11767230137bca7ba1e5a7397
final_0854,1201,True,3c7044896beb333dcdcb66a0bc53568e1d7bf9b66c4371872500cc19addd34d6
final_0855,1201,True,fa4b07bdaa4f8a598692f7ebf81ec4e70d3bb3852c9282ec9e27de1e73e473a4
final_0856,1201,True,f123ca2a7c97007a2a756158154d5dcedd4222801c5e137013c22fd13ee75570
final_0857,1201,True,625857e6f7e51d23593e42a97ad223e910c6c21d3a2756541111e2e028e6809e
final_0858,1201,True,afef5b7ae7198d8882961e320038eb3c3bf95e8f574338907e899e9f2d6af146
final_0859,1201,True,2a52c14452035e8427b5d1c7b67c49f2f5a00e060460b848a4265d7411dcdd85
final_0860,1201,True,0e27731217bf1aa21f87e141bc56578ad39664bb4cddb5fb68885b1d7dfa0367
final_0861,1201,True,ca9efa6faaa0c9bdc570af58543be007ea71982e8206319c50f5f505a9a9eb81
final_0862,1201,True,94aef9de618cccae0e76ab3f1c7ca73ba42e0b1f739d4f96e768132abe566f3f
final_0863,1201,True,f75670b4c5c36a2685c1d4c54db4a00ecd7c88b81baa13d84c47a2ffdf5147fc
final_0864,1201,True,e756e48300fcadd2ed8995007494e634fd6147d11c9aeb2d58d4ddd7557697e3
final_0865,1201,True,0ee28ffdba70411b395792f63cf9b627904a162a06e4edea59c5c73dcc88a345
final_0866,1201,True,61f37b188c1f49cf0d39ae9e2759c047756c5107da0a0d00b8bafa9d42c88b97
final_0867,1201,True,7b406f48d0235c3a8a5c3cc8231474b02a98299a9a9bd17a7e638d5f88dd490f
final_0868,1201,True,51159a8bd70d32529111ba8aa6a4d57143fb3c13f1c727b8e8836fb3256b50ed
final_0869,1201,True,8f8f86767bfe7d2eb7d3ea568be4ca89bea175e8dfe0f13e6d6f310cf68e1be8
final_0870,1201,True,6db993b5ed214de2ba519a1a2aed3fe29aa00da479757a13226314a2b0838ea6
final_0871,1201,True,b461a1c249c88963b4cc1717938a8eae2d1404e82b48c63eead70e170d3fbbeb
final_0872,1201,True,3f6514cb9e152063a2d99dea68f54b6806230463c62a8b538c4041c5f6ce4561
final_0873,1201,True,5e7965c5da4e6f3c1a4ab62198988e41f047919b67e0028885aab93aaf0d1cd5
final_0874,1201,True,5329b4899a1d18835010591c77cef8d29328931d2367505523cc7601ae17f44d
final_0875,1201,True,4934ae773b9d889185579253948ff0caf6006c4339ef436a700376d9ce7fc612
final_0876,1201,True,8705a35885172251c02c40f8342c6aa98b0fd1e3ac3d9967ea71d9487bb33bca
final_0877,1201,True,a3e8470301f95cf8360479f94923374b427a21b5e42fce37febbf556dc073ae9
final_0878,1201,True,b25ad610393a998185876666cb04dc914eec0e27cd919e473bfec143668081b1
final_0879,1201,True,788a8cffc708a4a90b933d95078ce32177889a6a0316c58d998dce61982ddba7
final_0880,1201,True,077dc4f62c1ac1ab865534c2e70eac632b250efb3494ef79214193c3b8e0d7e9
final_0881,1201,True,6476d4467f4f4fd9c5acf871272511b090b8959af6855fe51bc8fcc795cce1b9
final_0882,1201,True,704fb71f83c3aa30edc8cdc294b0f7b1353eb509030706ea06e8be44b793841a
final_0883,1201,True,959351e597574d5d5b28f77382790cfc4eb69ae1f249e14ba08b4b7f9c16377f
final_0884,1201,True,6eacf7b853639935ac2c3df6a5de751c928ebfb9138ead555e94f3b859d6c3ce
final_0885,1201,True,3701edfd8d178822f8361132633f3415b9174582f69d91b918b0a486ff1413e1
final_0886,1201,True,0f1ecabecdf7db5341e46c649512e0e8480b4d0fb68177b3a11e3afbe715e279
final_0887,1201,True,b2c1c8c3d7326acfda61312374f5d1ba53f0deb00edfdcdf8e13335726af4017
final_0888,1201,True,cc35aba93aac14993aa785eea7aa8396629065d8b5bc9fbb6b958f0eb653bfc0
final_0889,1201,True,2c4828e7a91db40f35d21c6556974696c29ca73f5c79c42a5542493474c7c874
final_0890,1201,True,5ddcba9f311821e7c860c9a3de75689f2b913e1d00433808e82eea3e66a28a9b
final_0891,1201,True,72bf359b47f0209cf0826a85778bad4255efc8b6bdde90c00a28281c4a5843c5
final_0892,1201,True,4f8010ad49e56af73940ef38b101654e266aa564f6c5cdbbf50021641665b1ab
final_0893,1201,True,4f675e8939ede024ff4680fbe373f9217b3abb948af7a34b8f12e29b3a7768cd
final_0894,1201,True,498ba138fc8ea9c89d8331eb0eb1aaaa2ac9a241e83dc7dd2b8603be06d8e25c
final_0895,1201,True,fda2d7440e360806b82c413175fdf295c6838a7ea8c6130d190d406d0b7a2ca9
final_0896,1201,True,5f47b62c7ca0773b91d5747408cd40ff4ccdb26f4870cb02e5dd726984eb7f88
final_0897,1201,True,cc0dcb8d53a689ae5475198ea4e84769f698bae6de86b50d042af3e0ca1daec6
final_0898,1201,True,2cb3727e9458ecacf079d31e53cdb6a0003841a481290f75ef8aa6beea685b63
final_0899,1201,True,5cd885f526317511796f61788f53903a5e8f8791e9ef11e224ecf98fb1d6fbab
